<?xml version="1.0" encoding="UTF-8"?>
<jcr:root xmlns:sling="http://sling.apache.org/jcr/sling/1.0" xmlns:cq="http://www.day.com/jcr/cq/1.0" xmlns:jcr="http://www.jcp.org/jcr/1.0" xmlns:nt="http://www.jcp.org/jcr/nt/1.0"
	jcr:primaryType="nt:unstructured"
	jcr:title="Secondary Footer"
	sling:resourceType="cq/gui/components/authoring/dialog">
	<content
		jcr:primaryType="nt:unstructured"
		sling:resourceType="granite/ui/components/foundation/container">
		<layout
			jcr:primaryType="nt:unstructured"
			sling:resourceType="granite/ui/components/foundation/layouts/fixedcolumns"/>
		<items jcr:primaryType="nt:unstructured">
			<column
				jcr:primaryType="nt:unstructured"
				sling:resourceType="granite/ui/components/foundation/container">
				<items jcr:primaryType="nt:unstructured">
					<copyrightText
						jcr:primaryType="nt:unstructured"
						sling:resourceType= "granite/ui/components/foundation/form/textfield"
						allowBlank="{Boolean}false"
						fieldLabel="Copyright Text"
						name="./copyrightText"/>
					<links
						jcr:primaryType="nt:unstructured"
						sling:resourceType="granite/ui/components/coral/foundation/form/multifield"
						composite="{Boolean}true"
						fieldLabel="Links">
						<field
							jcr:primaryType="nt:unstructured"
          					sling:resourceType="granite/ui/components/coral/foundation/container"
							name="./links">
							<items jcr:primaryType="nt:unstructured">
								<text
									jcr:primaryType="nt:unstructured"
									sling:resourceType= "granite/ui/components/foundation/form/textfield"
									allowBlank="{Boolean}false"
									fieldLabel="Link Text"
									name="./text"/>
								<link
									jcr:primaryType="nt:unstructured"
									sling:resourceType= "granite/ui/components/foundation/form/pathbrowser"
									allowBlank="{Boolean}false"
									fieldLabel = "Link"
									name="./link"
									rootPath="/content/cedars-sinai"/>
								<openInNewWindow
									jcr:primaryType="nt:unstructured"
									sling:resourceType="granite/ui/components/coral/foundation/form/checkbox"
									fieldDescription="Specifies if the browser opens a new window when button is clicked"
									name="./openInNewWindow"
									text="Open in New Window"
									value="{Boolean}true" />
								<openInNewWindowTypeHint
									jcr:primaryType="nt:unstructured"
									sling:resourceType="granite/ui/components/coral/foundation/form/hidden"
									name="./openInNewWindow@TypeHint"
									value="Boolean" />
							</items>
						</field>
					</links>
				</items>
			</column>
		</items>
	</content>
</jcr:root>
