<?xml version="1.0" encoding="UTF-8"?>
<jcr:root xmlns:sling="http://sling.apache.org/jcr/sling/1.0" xmlns:cq="http://www.day.com/jcr/cq/1.0" xmlns:jcr="http://www.jcp.org/jcr/1.0" xmlns:nt="http://www.jcp.org/jcr/nt/1.0"
	jcr:primaryType="nt:unstructured"
	jcr:title="Header Menu"
	sling:resourceType="cq/gui/components/authoring/dialog">
	<content
		jcr:primaryType="nt:unstructured"
		sling:resourceType="granite/ui/components/coral/foundation/container">
		<items jcr:primaryType="nt:unstructured">
			<tabs
				jcr:primaryType="nt:unstructured"
				sling:resourceType="granite/ui/components/coral/foundation/tabs"
				maximized="{Boolean}true">
				<items jcr:primaryType="nt:unstructured">
					<logo
						jcr:primaryType="nt:unstructured"
						jcr:title="Logo"
						sling:resourceType="granite/ui/components/coral/foundation/fixedcolumns"
						margin="{Boolean}false">
						<items jcr:primaryType="nt:unstructured">
							<column
								jcr:primaryType="nt:unstructured"
								sling:resourceType="granite/ui/components/coral/foundation/container">
								<items jcr:primaryType="nt:unstructured">
									<logoImage
										jcr:primaryType="nt:unstructured"
										sling:resourceType="granite/ui/components/foundation/form/fileupload"
										allowUpload="{Boolean}false"
										class="cq-droptarget"
										fieldDescription="The logo image to display in the header"
										fieldLabel="Image"
										fileNameParameter="./fileName"
										fileReferenceParameter="./logoImage"
										mimeTypes="[image]"
										multiple="{Boolean}false"
										name="./file"
										required="{Boolean}true"
										uploadUrl="${suffix.path}"
										useHTML5="{Boolean}true"/>
									<logoLink
										jcr:primaryType="nt:unstructured"
										sling:resourceType="granite/ui/components/coral/foundation/form/pathfield"
										fieldDescription="Hyperlink for the logo (homepage link)"
										fieldLabel="Logo Link"
										name="./logoLink"
										required="{Boolean}true"
										rootPath="/content/cedars-sinai"
										value="/content/cedars-sinai"/>
									<logoAltText
										jcr:primaryType="nt:unstructured"
										sling:resourceType="granite/ui/components/coral/foundation/form/textfield"
										fieldLabel="Logo Alt Text"
										name="./logoAltText"
										required="{Boolean}true"
										value="Cedars-Sinai"/>
								</items>
							</column>
						</items>
					</logo>
					<mainMenu
						jcr:primaryType="nt:unstructured"
						jcr:title="Main Menu"
						sling:resourceType="granite/ui/components/coral/foundation/fixedcolumns"
						margin="{Boolean}false">
						<items jcr:primaryType="nt:unstructured">
							<column
								jcr:primaryType="nt:unstructured"
								sling:resourceType="granite/ui/components/coral/foundation/container">
								<items jcr:primaryType="nt:unstructured">
									<multifieldcollection
										jcr:primaryType="nt:unstructured"
										sling:resourceType="granite/ui/components/coral/foundation/form/multifield"
										composite="{Boolean}true"
										fieldDescription="Click + to add a new Menu item"
										fieldLabel="Main Menu Items">
										<field
											jcr:primaryType="nt:unstructured"
											sling:resourceType="granite/ui/components/coral/foundation/container"
											name="./menuItems">
											<items jcr:primaryType="nt:unstructured">
												<linkLabel
													jcr:primaryType="nt:unstructured"
													sling:resourceType="granite/ui/components/coral/foundation/form/textfield"
													fieldLabel="Text"
													name="./linkLabel"
													required="{Boolean}true"/>
												<linkurl
													jcr:primaryType="nt:unstructured"
													sling:resourceType="granite/ui/components/coral/foundation/form/pathfield"
													fieldLabel="Link"
													name="./linkUrl"
													required="{Boolean}true"
													rootPath="/content/cedars-sinai"/>
												<linkType
													jcr:primaryType="nt:unstructured"
													sling:resourceType="granite/ui/components/coral/foundation/form/select"
													fieldLabel="Type"
													name="./linkType"
													required="{Boolean}true">
													<items jcr:primaryType="cq:WidgetCollection">
														<link
															jcr:primaryType="nt:unstructured"
															text="Link"
															value="link"/>
														<megaMenu
															jcr:primaryType="nt:unstructured"
															text="Mega menu"
															value="megaMenu"/>
													</items>
												</linkType>
											</items>
										</field>
									</multifieldcollection>
								</items>
							</column>
						</items>
					</mainMenu>
					<search
						jcr:primaryType="nt:unstructured"
						jcr:title="Search"
						sling:resourceType="granite/ui/components/coral/foundation/fixedcolumns"
						margin="{Boolean}false">
						<items jcr:primaryType="nt:unstructured">
							<column
								jcr:primaryType="nt:unstructured"
								sling:resourceType="granite/ui/components/coral/foundation/container">
								<items jcr:primaryType="nt:unstructured">
				                    <helperText
				                        jcr:primaryType="nt:unstructured"
				                        sling:resourceType="granite/ui/components/coral/foundation/form/textfield"
				                        fieldDescription="The helper text that displays in the search box"
				                        fieldLabel="Search Helper Text"
				                        name="./helperText"
				                        required="{Boolean}true"
				                        value="Search by Keyword, Symptom, or Condition"/>
				                    <resultsPage
				                        jcr:primaryType="nt:unstructured"
				                        sling:resourceType="granite/ui/components/coral/foundation/form/pathfield"
				                        fieldLabel="Search Results Page"
				                        name="./resultsPage"
				                        required="{Boolean}true"
				                        rootPath="/content/cedars-sinai"
				                        value="/content/cedars-sinai"/>
								</items>
							</column>
						</items>
					</search>
					<utilityNav
						jcr:primaryType="nt:unstructured"
						jcr:title="Utility Nav"
						sling:resourceType="granite/ui/components/coral/foundation/fixedcolumns"
						margin="{Boolean}false">
						<items jcr:primaryType="nt:unstructured">
							<column
								jcr:primaryType="nt:unstructured"
								sling:resourceType="granite/ui/components/coral/foundation/container">
								<items jcr:primaryType="nt:unstructured">
									<links
										jcr:primaryType="nt:unstructured"
										sling:resourceType="granite/ui/components/coral/foundation/form/multifield"
										class="full-width"
										composite="{Boolean}true"
										fieldLabel="Utility Nav Links"
										required="{Boolean}true">
										<field
											jcr:primaryType="nt:unstructured"
											sling:resourceType="granite/ui/components/coral/foundation/container"
											name="./links">
											<items jcr:primaryType="nt:unstructured">
												<text
													jcr:primaryType="nt:unstructured"
													sling:resourceType="granite/ui/components/coral/foundation/form/textfield"
													fieldLabel="Text"
													name="./text"
													required="{Boolean}true"/>
												<link
													jcr:primaryType="nt:unstructured"
													sling:resourceType="granite/ui/components/coral/foundation/form/pathfield"
													fieldLabel="Link"
													name="./link"
													required="{Boolean}true"
													rootPath="/content/cedars-sinai"/>
											</items>
										</field>
									</links>
								</items>
							</column>
						</items>
					</utilityNav>
				</items>
			</tabs>
		</items>
	</content>
</jcr:root>
