<?xml version="1.0" encoding="UTF-8"?>
<jcr:root xmlns:sling="http://sling.apache.org/jcr/sling/1.0" xmlns:cq="http://www.day.com/jcr/cq/1.0" xmlns:jcr="http://www.jcp.org/jcr/1.0" xmlns:nt="http://www.jcp.org/jcr/nt/1.0"
	jcr:primaryType="nt:unstructured"
	sling:resourceType="cq/gui/components/authoring/dialog">
	<content
		jcr:primaryType="nt:unstructured"
		sling:resourceType="granite/ui/components/foundation/container">
		<layout
			jcr:primaryType="nt:unstructured"
			sling:resourceType="granite/ui/components/foundation/layouts/tabs"
			type="nav"/>
			<items jcr:primaryType="nt:unstructured">
			<tab1
				jcr:primaryType="nt:unstructured"
				jcr:title="General"
				sling:resourceType="granite/ui/components/foundation/container">
				<layout
					jcr:primaryType="nt:unstructured"
					sling:resourceType="granite/ui/components/foundation/layouts/fixedcolumns"/>
					<items jcr:primaryType="nt:unstructured">
					<columns
						jcr:primaryType="nt:unstructured"
						sling:resourceType="granite/ui/components/foundation/container">
						<items jcr:primaryType="nt:unstructured">
							<config
								jcr:primaryType="nt:unstructured"
								sling:resourceType="granite/ui/components/foundation/form/fieldset">
								<items jcr:primaryType="nt:unstructured">
									<buttonStyle
										jcr:primaryType="nt:unstructured"
										sling:resourceType="granite/ui/components/coral/foundation/form/select"
										fieldLabel="Button Style"
										name="./buttonStyle"
										required="{Boolean}true">
										<items jcr:primaryType="nt:unstructured">
											<primary
												jcr:primaryType="nt:unstructured"
												checked="{Boolean}true"
												text="Primary"
												value="cta-primary"/>
											<secondary
												jcr:primaryType="nt:unstructured"
												text="Secondary"
												   value="cta-secondary"/>
											<tertiary
												jcr:primaryType="nt:unstructured"
												text="Tertiary"
												value="cta-tertiary"/>
										</items>
									</buttonStyle>
									   <mode
										   jcr:primaryType="nt:unstructured"
										   sling:resourceType="granite/ui/components/coral/foundation/form/select"
										   fieldDescription="Specifies if button displays video modal or links out when clicked"
										   fieldLabel="Mode"
										   name="./mode"
										   required="{Boolean}true">
										   <items jcr:primaryType="nt:unstructured">
											   <link
												   jcr:primaryType="nt:unstructured"
												   checked="{Boolean}true"
												   text="Link"
												   value="link"/>
											   <videoModal
												   jcr:primaryType="nt:unstructured"
												   text="Video Modal"
												   value="videoModal"/>
										   </items>
									   </mode>
									   <text
										   jcr:primaryType="nt:unstructured"
										   sling:resourceType="granite/ui/components/coral/foundation/form/textfield"
										   fieldLabel="Button Text"
										   name="./text"
										   required="{Boolean}true"/>
									   <title
										   jcr:primaryType="nt:unstructured"
										   sling:resourceType="granite/ui/components/coral/foundation/form/textfield"
										   fieldDescription="Link title or if video, used as a caption"
										   fieldLabel="Title Text"
										   name="./title" />
									   <link
										   jcr:primaryType="nt:unstructured"
										   sling:resourceType="granite/ui/components/coral/foundation/form/pathfield"
										   fieldDescription="URL for the link or video if mode set to Video Modal"
										   fieldLabel="Link"
										   name="./link"
										   required="{Boolean}true"
										   rootPath="/content/cedars-sinai" />
									   <openInNewWindow
										   jcr:primaryType="nt:unstructured"
										   sling:resourceType="granite/ui/components/coral/foundation/form/checkbox"
										   fieldDescription="Specifies if the browser opens a new window when button is clicked"
										   name="./openInNewWindow"
										   text="Open in New Window"
										   value="{Boolean}true" />
									   <openInNewWindowTypeHint
										   jcr:primaryType="nt:unstructured"
										   sling:resourceType="granite/ui/components/coral/foundation/form/hidden"
										   name="./openInNewWindow@TypeHint"
										   value="Boolean" />
									</items>
								</config>
							</items>
						</columns>
					</items>
				</tab1>
			</items>
	</content>
</jcr:root>
