<?xml version="1.0" encoding="UTF-8"?>
<jcr:root xmlns:sling="http://sling.apache.org/jcr/sling/1.0"
          xmlns:cq="http://www.day.com/jcr/cq/1.0" xmlns:jcr="http://www.jcp.org/jcr/1.0"
          xmlns:nt="http://www.jcp.org/jcr/nt/1.0" xmlns:granite="http://www.adobe.com/jcr/granite/1.0"
          jcr:primaryType="nt:unstructured" jcr:title="Media Gallery"
          sling:resourceType="cq/gui/components/authoring/dialog">
  <content sling:resourceType="granite/ui/components/coral/foundation/container"
           jcr:primaryType="nt:unstructured">
    <items jcr:primaryType="nt:unstructured">
      <tabs sling:resourceType="granite/ui/components/coral/foundation/tabs"
            jcr:primaryType="nt:unstructured" maximized="{Boolean}true">
        <items jcr:primaryType="nt:unstructured">
          <Basic sling:resourceType="granite/ui/components/coral/foundation/fixedcolumns"
                 jcr:primaryType="nt:unstructured" margin="{Boolean}false"
                 jcr:title="Media Gallery">
            <items jcr:primaryType="nt:unstructured">
              <column jcr:primaryType="nt:unstructured"
                      sling:resourceType="granite/ui/components/coral/foundation/container">
                <items jcr:primaryType="nt:unstructured">
                  <images
                    jcr:primaryType="nt:unstructured"
                    sling:resourceType="granite/ui/components/coral/foundation/form/multifield"
                    required="{Boolean}true"
                    fieldLabel="Images">
                    <field
                      jcr:primaryType="nt:unstructured"
                      sling:resourceType="granite/ui/components/coral/foundation/form/pathfield"
                      filter="hierarchy"
                      required="{Boolean}true"
                      rootPath="/content/dam/"
                      name="./image">
                    </field>
                  </images>
                  <views jcr:primaryType="nt:unstructured"
                         name="./type"
                         text="View Type"
                         sling:resourceType="granite/ui/components/coral/foundation/form/select">
                    <items jcr:primaryType="nt:unstructured">
                      <item1 jcr:primaryType="nt:unstructured"
                             text="Thumbnails - Left(Default)"
                             value="full"/>
                      <item2 jcr:primaryType="nt:unstructured"
                             text="Thumbnails - Bottom"
                             value="2col"/>
                    </items>
                  </views>
                </items>
              </column>
            </items>
          </Basic>
        </items>
      </tabs>
    </items>
  </content>
</jcr:root>
