<?xml version="1.0" encoding="UTF-8"?>
<jcr:root xmlns:sling="http://sling.apache.org/jcr/sling/1.0" xmlns:cq="http://www.day.com/jcr/cq/1.0" xmlns:jcr="http://www.jcp.org/jcr/1.0" xmlns:nt="http://www.jcp.org/jcr/nt/1.0"
    jcr:primaryType="nt:unstructured"
    jcr:title="Content Block Text Component"
    sling:resourceType="cq/gui/components/authoring/dialog"
    helpPath="/author/page-authoring/default-components/editmode.html#Text">
    <content
        jcr:primaryType="nt:unstructured"
        sling:resourceType="granite/ui/components/foundation/container">
        <items jcr:primaryType="nt:unstructured">
            <tabs
                jcr:primaryType="nt:unstructured"
                sling:resourceType="granite/ui/components/foundation/container">
                <layout
                    jcr:primaryType="nt:unstructured"
                    sling:resourceType="granite/ui/components/foundation/layouts/tabs"
                    type="nav"/>
                <items jcr:primaryType="nt:unstructured">
                    <text
                        jcr:primaryType="nt:unstructured"
                        jcr:title="Content Block Text Component"
                        sling:resourceType="granite/ui/components/foundation/section">
                        <layout
                            jcr:primaryType="nt:unstructured"
                            sling:resourceType="granite/ui/components/foundation/layouts/fixedcolumns"
                            margin="{Boolean}false"/>
                        <items jcr:primaryType="nt:unstructured">
                            <column
                                jcr:primaryType="nt:unstructured"
                                sling:resourceType="granite/ui/components/foundation/container">
                                <items jcr:primaryType="nt:unstructured">
                                    <text
                                        jcr:primaryType="nt:unstructured"
                                        sling:resourceType="cq/gui/components/authoring/dialog/richtext"
                                        fieldDescription="Rich Text field to enter Text description"
                                        fieldLabel="Text"
                                        name="./text"
                                        required="{Boolean}true"
                                        useFixedInlineToolbar="{Boolean}true"
                                        validation="richtext-validation">
                                        <uiSettings jcr:primaryType="nt:unstructured">
                                            <cui jcr:primaryType="nt:unstructured">
                                                <inline
                                                    jcr:primaryType="nt:unstructured"
                                                    toolbar="[#format,-,#justify,-,#lists,-,links#modifylink,links#unlink,links#anchor,-,subsuperscript#superscript,subsuperscript#subscript,-,#paraformat,#styles,-,edit#cut,edit#copy,edit#paste-plaintext,edit#paste-default,edit#paste-wordhtml,-,undo#undo,undo#redo,-,findreplace#find,findreplace#replace,-,spellcheck#checktext,-,misctools#sourceedit,-,table#createoredit]">
                                                    <popovers jcr:primaryType="nt:unstructured">
                                                        <format
                                                            jcr:primaryType="nt:unstructured"
                                                            items="[format#bold,format#italic,format#underline]"
                                                            ref="format"/>
                                                        <justify
                                                            jcr:primaryType="nt:unstructured"
                                                            items="[justify#justifyleft,justify#justifycenter,justify#justifyright]"
                                                            ref="justify"/>
                                                        <lists
                                                            jcr:primaryType="nt:unstructured"
                                                            items="[lists#unordered,lists#ordered,lists#outdent,lists#indent]"
                                                            ref="lists"/>
                                                        <paraformat
                                                            jcr:primaryType="nt:unstructured"
                                                            items="paraformat:getFormats:paraformat-pulldown"
                                                            ref="paraformat"/>
                                                        <styles
                                                            jcr:primaryType="nt:unstructured"
                                                            items="styles:getStyles:styles-pulldown"
                                                            ref="styles"/>
                                                    </popovers>
                                                </inline>
                                            </cui>
                                        </uiSettings>
                                        <rtePlugins jcr:primaryType="nt:unstructured">
                                            <format
                                                jcr:primaryType="nt:unstructured"
                                                features="*"/>
                                            <justify
                                                jcr:primaryType="nt:unstructured"
                                                features="*"/>
                                            <lists
                                                jcr:primaryType="nt:unstructured"
                                                features="*"/>
                                            <links
                                                jcr:primaryType="nt:unstructured"
                                                features="*"/>
                                            <subsuperscript
                                                jcr:primaryType="nt:unstructured"
                                                features="*"/>
                                            <paraformat
                                                jcr:primaryType="nt:unstructured"
                                                features="*">
                                                <formats jcr:primaryType="cq:WidgetCollection">
                                                    <paragraph
                                                        jcr:primaryType="cq:WidgetCollection"
                                                        description="Paragraph"
                                                        tag="p"/>
                                                    <heading1
                                                        jcr:primaryType="cq:WidgetCollection"
                                                        description="Heading 1"
                                                        tag="h1"/>
                                                    <heading2
                                                        jcr:primaryType="cq:WidgetCollection"
                                                        description="Heading 2"
                                                        tag="h2"/>
                                                    <heading3
                                                        jcr:primaryType="cq:WidgetCollection"
                                                        description="Heading 3"
                                                        tag="h3"/>
                                                    <heading4
                                                        jcr:primaryType="cq:WidgetCollection"
                                                        description="Heading 4"
                                                        tag="h4"/>
                                                    <strong
                                                        jcr:primaryType="nt:unstructured"
                                                        description="Strong"
                                                        tag="strong"/>
                                                    <em
                                                        jcr:primaryType="nt:unstructured"
                                                        description="Em"
                                                        tag="em"/>
                                                    <i
                                                        jcr:primaryType="nt:unstructured"
                                                        description="I (ai)"
                                                        tag="i"/>
                                                </formats>
                                            </paraformat>
                                            <styles
                                                jcr:primaryType="nt:unstructured"
                                                features="*">
                                                <styles jcr:primaryType="cq:WidgetCollection">
                                                    <lead
                                                        jcr:primaryType="nt:unstructured"
                                                        cssName="lead"
                                                        text="lead"/>
                                                    <small
                                                        jcr:primaryType="nt:unstructured"
                                                        cssName="small"
                                                        text="small"/>
                                                </styles>
                                            </styles>
                                            <edit
                                                jcr:primaryType="nt:unstructured"
                                                features="*"/>
                                            <findreplace
                                                jcr:primaryType="nt:unstructured"
                                                features="*"/>
                                            <undo
                                                jcr:primaryType="nt:unstructured"
                                                features="*"/>
                                            <spellcheck
                                                jcr:primaryType="nt:unstructured"
                                                features="*"/>
                                            <table
                                                jcr:primaryType="nt:unstructured"
                                                features="*"/>
                                            <misctools
                                                jcr:primaryType="nt:unstructured"
                                                features="*"/>
                                        </rtePlugins>
                                    </text>
                                </items>
                            </column>
                        </items>
                    </text>
                    <styles
                        jcr:primaryType="nt:unstructured"
                        jcr:title="Styles"
                        sling:resourceType="granite/ui/components/foundation/section">
                        <layout
                            jcr:primaryType="nt:unstructured"
                            sling:resourceType="granite/ui/components/foundation/layouts/fixedcolumns"
                            margin="{Boolean}false"/>
                        <items jcr:primaryType="nt:unstructured">
                            <column
                                jcr:primaryType="nt:unstructured"
                                sling:resourceType="granite/ui/components/foundation/container">
                                <items jcr:primaryType="nt:unstructured">
                                     <style
                                                jcr:primaryType="nt:unstructured"
                                                sling:resourceType="granite/ui/components/coral/foundation/form/select"
                                                fieldDescription="Icon gradient will only display on white background"
                                                fieldLabel="Icon Gradient"
												value="standard"
                                                name="./textstyle">
                                                <items jcr:primaryType="nt:unstructured">
												<standard
                                                        jcr:primaryType="nt:unstructured"
                                                        text="Standard"
                                                        value=""/>
                                                    <lead
                                                        jcr:primaryType="nt:unstructured"
                                                        text="Lead"
                                                        value="lead"/>
                                                    <small
                                                        jcr:primaryType="nt:unstructured"
                                                        text="small"
                                                        value="small"/>
                                                    
                                                    
                                                </items>
                                            </style>
                                </items>
                            </column>
                        </items>
                    </styles>
                </items>
            </tabs>
        </items>
    </content>
</jcr:root>
