<?xml version="1.0" encoding="UTF-8"?>
<jcr:root xmlns:sling="http://sling.apache.org/jcr/sling/1.0" xmlns:cq="http://www.day.com/jcr/cq/1.0" xmlns:jcr="http://www.jcp.org/jcr/1.0" xmlns:nt="http://www.jcp.org/jcr/nt/1.0"
          jcr:primaryType="nt:unstructured"
          jcr:title="Secondary Header"
          sling:resourceType="cq/gui/components/authoring/dialog">
  <content
    jcr:primaryType="nt:unstructured"
    sling:resourceType="granite/ui/components/foundation/container">
    <layout
      jcr:primaryType="nt:unstructured"
      sling:resourceType="granite/ui/components/foundation/layouts/fixedcolumns"/>
    <items jcr:primaryType="nt:unstructured">
      <column
        jcr:primaryType="nt:unstructured"
        sling:resourceType="granite/ui/components/foundation/container">
        <items jcr:primaryType="nt:unstructured">
          <size
            jcr:primaryType="nt:unstructured"
            sling:resourceType="granite/ui/components/coral/foundation/form/select"
            required="{Boolean}true"
            fieldLabel="Size"
            name="./fontSize">
            <items jcr:primaryType="nt:unstructured">
              <large
                jcr:primaryType="nt:unstructured"
                selected="{Boolean}true"
                text="Large(H3)"
                value="h3"/>
              <small
                jcr:primaryType="nt:unstructured"
                text="Small(h4)"
                value="h4"/>
              <x-small
                jcr:primaryType="nt:unstructured"
                text="X-Small(h5)"
                value="h5"/>
            </items>
          </size>
          <header
            jcr:primaryType="nt:unstructured"
            sling:resourceType= "granite/ui/components/coral/foundation/form/textfield"
            required ="{Boolean}true"
            fieldLabel="Header"
            name="./header"/>
        </items>
      </column>
    </items>
  </content>
</jcr:root>
