<?xml version="1.0" encoding="UTF-8"?>
<jcr:root xmlns:sling="http://sling.apache.org/jcr/sling/1.0" xmlns:cq="http://www.day.com/jcr/cq/1.0" xmlns:jcr="http://www.jcp.org/jcr/1.0" xmlns:nt="http://www.jcp.org/jcr/nt/1.0"
    jcr:primaryType="nt:unstructured"
    jcr:title="Mega Menu"
    sling:resourceType="cq/gui/components/authoring/dialog">
    <content
        jcr:primaryType="nt:unstructured"
        sling:resourceType="granite/ui/components/coral/foundation/container">
        <items jcr:primaryType="nt:unstructured">
            <tabs
                jcr:primaryType="nt:unstructured"
                sling:resourceType="granite/ui/components/coral/foundation/tabs"
                maximized="{Boolean}true">
                <items jcr:primaryType="nt:unstructured">
                    <heading
                        jcr:primaryType="nt:unstructured"
                        jcr:title="Heading"
                        sling:resourceType="granite/ui/components/coral/foundation/fixedcolumns"
                        margin="{Boolean}false">
                        <items jcr:primaryType="nt:unstructured">
                            <column
                                jcr:primaryType="nt:unstructured"
                                sling:resourceType="granite/ui/components/coral/foundation/container">
                                <items jcr:primaryType="nt:unstructured">
                                    <megamenuHead
                                        jcr:primaryType="nt:unstructured"
                                        sling:resourceType="granite/ui/components/coral/foundation/form/textfield"
                                        fieldDescription="Title for mega menu"
                                        fieldLabel="Mega menu title"
                                        name="./menuTitle"
                                        required="{Boolean}true"/>
                                    <linkType
                                        jcr:primaryType="nt:unstructured"
                                        sling:resourceType="granite/ui/components/coral/foundation/form/select"
                                        fieldLabel="Mega menu layout"
                                        name="./menuLayout"
                                        required="{Boolean}true">
                                        <items jcr:primaryType="cq:WidgetCollection">
                                            <linkList
                                                jcr:primaryType="nt:unstructured"
                                                text="Links Only (upto 4 columns)"
                                                value="linklist"/>
                                            <featureImage
                                                jcr:primaryType="nt:unstructured"
                                                text="Link List + Feature Image(s)"
                                                value="linkAndImage"/>
                                        </items>
                                    </linkType>
                                </items>
                            </column>
                        </items>
                    </heading>
                    <links1
                        jcr:primaryType="nt:unstructured"
                        jcr:title="Tab1"
                        sling:resourceType="granite/ui/components/coral/foundation/fixedcolumns"
                        margin="{Boolean}false">
                        <items jcr:primaryType="nt:unstructured">
                            <column
                                jcr:primaryType="nt:unstructured"
                                sling:resourceType="granite/ui/components/coral/foundation/container">
                                <items jcr:primaryType="nt:unstructured">
                                    <multifieldcollection
                                        jcr:primaryType="nt:unstructured"
                                        sling:resourceType="granite/ui/components/coral/foundation/form/multifield"
                                        composite="{Boolean}true"
                                        fieldDescription="Click + to add a new links in column 1"
                                        required="{Boolean}true"
                                        fieldLabel="Configure new links to Column 1">

                                        <field
                                            jcr:primaryType="nt:unstructured"
                                            sling:resourceType="granite/ui/components/coral/foundation/container"
                                            name="./firstColumnLinks">
                                            <items jcr:primaryType="nt:unstructured">
                                                <text
                                                    jcr:primaryType="nt:unstructured"
                                                    sling:resourceType="granite/ui/components/coral/foundation/form/textfield"
                                                    fieldLabel="Enter link text"
                                                    required="{Boolean}true"
                                                    name="./text"/>
                                                <linkurl
                                                    jcr:primaryType="nt:unstructured"
                                                    sling:resourceType="granite/ui/components/coral/foundation/form/pathfield"
                                                    fieldLabel="Link Url"
                                                    name="./link"
                                                    required="{Boolean}true"
                                                    rootPath="/content/cedars-sinai"/>
                                            </items>
                                        </field>
                                    </multifieldcollection>
                                </items>
                            </column>
                        </items>
                    </links1>
                    <links2
                        jcr:primaryType="nt:unstructured"
                        jcr:title="Tab2"
                        sling:resourceType="granite/ui/components/coral/foundation/fixedcolumns"
                        margin="{Boolean}false">
                        <items jcr:primaryType="nt:unstructured">
                            <column
                                jcr:primaryType="nt:unstructured"
                                sling:resourceType="granite/ui/components/coral/foundation/container">
                                <items jcr:primaryType="nt:unstructured">
                                    <multifieldcollection
                                        jcr:primaryType="nt:unstructured"
                                        sling:resourceType="granite/ui/components/coral/foundation/form/multifield"
                                        composite="{Boolean}true"
                                        fieldDescription="Click + to add a new links to column 2"
                                        fieldLabel="Configure new links to column 2">
                                        <field
                                            jcr:primaryType="nt:unstructured"
                                            sling:resourceType="granite/ui/components/coral/foundation/container"
                                            name="./secondColumnLinks">
                                            <items jcr:primaryType="nt:unstructured">
                                                <text
                                                    jcr:primaryType="nt:unstructured"
                                                    sling:resourceType="granite/ui/components/coral/foundation/form/textfield"
                                                    fieldDescription="Enter Link Text"
                                                    fieldLabel="Enter link text"
                                                    name="./text"/>
                                                <linkurl
                                                    jcr:primaryType="nt:unstructured"
                                                    sling:resourceType="granite/ui/components/coral/foundation/form/pathfield"
                                                    fieldLabel="Link Url"
                                                    name="./link"
                                                    rootPath="/content/cedars-sinai"/>
                                            </items>
                                        </field>
                                    </multifieldcollection>
                                </items>
                            </column>
                        </items>
                    </links2>
                    <links3
                        jcr:primaryType="nt:unstructured"
                        jcr:title="Tab3"
                        sling:resourceType="granite/ui/components/coral/foundation/fixedcolumns"
                        margin="{Boolean}false">
                        <items jcr:primaryType="nt:unstructured">
                            <column
                                jcr:primaryType="nt:unstructured"
                                sling:resourceType="granite/ui/components/coral/foundation/container">
                                <items jcr:primaryType="nt:unstructured">
                                    <multifieldcollection
                                        jcr:primaryType="nt:unstructured"
                                        sling:resourceType="granite/ui/components/coral/foundation/form/multifield"
                                        composite="{Boolean}true"
                                        fieldDescription="Click + to add a new links 3"
                                        fieldLabel="Configure new links to Column 3">
                                        <field
                                            jcr:primaryType="nt:unstructured"
                                            sling:resourceType="granite/ui/components/coral/foundation/container"
                                            name="./thirdColumnLinks">
                                            <items jcr:primaryType="nt:unstructured">
                                                <text
                                                    jcr:primaryType="nt:unstructured"
                                                    sling:resourceType="granite/ui/components/coral/foundation/form/textfield"
                                                    fieldLabel="Enter link text"
                                                    name="./text"/>
                                                <linkurl
                                                    jcr:primaryType="nt:unstructured"
                                                    sling:resourceType="granite/ui/components/coral/foundation/form/pathfield"
                                                    fieldDescription="Select Link Path"
                                                    fieldLabel="Link Url"
                                                    name="./link"
                                                    rootPath="/content/cedars-sinai"/>
                                            </items>
                                        </field>
                                    </multifieldcollection>
                                </items>
                            </column>
                        </items>
                    </links3>
                    <links4
                        jcr:primaryType="nt:unstructured"
                        jcr:title="Tab4"
                        sling:resourceType="granite/ui/components/coral/foundation/fixedcolumns"
                        margin="{Boolean}false">
                        <items jcr:primaryType="nt:unstructured">
                            <column
                                jcr:primaryType="nt:unstructured"
                                sling:resourceType="granite/ui/components/coral/foundation/container">
                                <items jcr:primaryType="nt:unstructured">
                                    <multifieldcollection
                                        jcr:primaryType="nt:unstructured"
                                        sling:resourceType="granite/ui/components/coral/foundation/form/multifield"
                                        composite="{Boolean}true"
                                        fieldDescription="Click + to add a new link to Column 4"
                                        fieldLabel="Configure new links to Column 4">
                                        <field
                                            jcr:primaryType="nt:unstructured"
                                            sling:resourceType="granite/ui/components/coral/foundation/container"
                                            name="./fourthColumnLinks">
                                            <items jcr:primaryType="nt:unstructured">
                                                <text
                                                    jcr:primaryType="nt:unstructured"
                                                    sling:resourceType="granite/ui/components/coral/foundation/form/textfield"
                                                    fieldLabel="Enter link text"
                                                    name="./text"/>
                                                <linkurl
                                                    jcr:primaryType="nt:unstructured"
                                                    sling:resourceType="granite/ui/components/coral/foundation/form/pathfield"
                                                    fieldDescription="Select Link Path"
                                                    fieldLabel="Link Url"
                                                    name="./link"
                                                    rootPath="/content/cedars-sinai"/>
                                            </items>
                                        </field>
                                    </multifieldcollection>
                                </items>
                            </column>
                        </items>
                    </links4>
                    <featureImage1
                        jcr:primaryType="nt:unstructured"
                        jcr:title="Feature Item 1"
                        sling:resourceType="granite/ui/components/coral/foundation/fixedcolumns"
                        margin="{Boolean}false">
                        <items jcr:primaryType="nt:unstructured">
                            <column
                                jcr:primaryType="nt:unstructured"
                                sling:resourceType="granite/ui/components/coral/foundation/container">
                                <items jcr:primaryType="nt:unstructured">
                                    <file
                                        jcr:primaryType="nt:unstructured"
                                        sling:resourceType="cq/gui/components/authoring/dialog/fileupload"
                                        allowUpload="{Boolean}false"
                                        autoStart="{Boolean}false"
                                        class="cq-droptarget"
                                        fieldLabel="First Feature Item Image"
                                        fileNameParameter="./featureImage1Name"
                                        fileReferenceParameter="./firstFeatureItemImage"
                                        mimeTypes="[image]"
                                        multiple="{Boolean}false"
                                        name="./featureImage1Name"
                                        title="Browse Image Asset"
                                        uploadUrl="${suffix.path}"
                                        useHTML5="{Boolean}true"/>
                                    <FeatureTitle
                                        jcr:primaryType="nt:unstructured"
                                        sling:resourceType="granite/ui/components/coral/foundation/form/textfield"
                                        fieldDescription="First Feature Image Title"
                                        fieldLabel="First Feature Image Title"
                                        name="./firstFeatureItemImageTitle"/>
                                    <featureLinkUrl
                                        jcr:primaryType="nt:unstructured"
                                        sling:resourceType="granite/ui/components/coral/foundation/form/pathfield"
                                        fieldDescription="Browse first feature item link"
                                        fieldLabel="First feature item Link path"
                                        name="./firstFeatureItemLinkPath"
                                        rootPath="/content/cedars-sinai"/>
                                    <featureLinkTitle
                                        jcr:primaryType="nt:unstructured"
                                        sling:resourceType="granite/ui/components/coral/foundation/form/textfield"
                                        fieldDescription="First feature item link label"
                                        fieldLabel="First feature item link label"
                                        name="./firstFeatureItemLinkLabel"/>
                                </items>
                            </column>
                        </items>
                    </featureImage1>
                    <featureImage2
                        jcr:primaryType="nt:unstructured"
                        jcr:title="Feature Item 2"
                        sling:resourceType="granite/ui/components/coral/foundation/fixedcolumns"
                        margin="{Boolean}false">
                        <items jcr:primaryType="nt:unstructured">
                            <column
                                jcr:primaryType="nt:unstructured"
                                sling:resourceType="granite/ui/components/coral/foundation/container">
                                <items jcr:primaryType="nt:unstructured">
                                    <file
                                        jcr:primaryType="nt:unstructured"
                                        sling:resourceType="cq/gui/components/authoring/dialog/fileupload"
                                        allowUpload="{Boolean}false"
                                        autoStart="{Boolean}false"
                                        class="cq-droptarget"
                                        fieldLabel="Second Feature Item Image"
                                        fileNameParameter="./featureImage1Name"
                                        fileReferenceParameter="./secondFeatureItemImage"
                                        mimeTypes="[image]"
                                        multiple="{Boolean}false"
                                        name="./featureImage1Name"
                                        title="Browse Image Asset"
                                        uploadUrl="${suffix.path}"
                                        useHTML5="{Boolean}true"/>
                                    <FeatureTitle
                                        jcr:primaryType="nt:unstructured"
                                        sling:resourceType="granite/ui/components/coral/foundation/form/textfield"
                                        fieldDescription="Second Feature Image Title"
                                        fieldLabel="Second Feature Image Title"
                                        name="./secondFeatureItemImageTitle"/>
                                    <featureLinkUrl
                                        jcr:primaryType="nt:unstructured"
                                        sling:resourceType="granite/ui/components/coral/foundation/form/pathfield"
                                        fieldDescription="Browse second feature item link"
                                        fieldLabel="Second feature item Link path"
                                        name="./secondFeatureItemLinkPath"
                                        rootPath="/content/cedars-sinai"/>
                                    <featureLinkTitle
                                        jcr:primaryType="nt:unstructured"
                                        sling:resourceType="granite/ui/components/coral/foundation/form/textfield"
                                        fieldDescription="Second feature item link label"
                                        fieldLabel="Second feature item link label"
                                        name="./secondFeatureItemLinkLabel"/>
                                </items>
                            </column>
                        </items>
                    </featureImage2>
                </items>
            </tabs>
        </items>
    </content>
</jcr:root>
