<?xml version="1.0" encoding="UTF-8"?>
<jcr:root xmlns:sling="http://sling.apache.org/jcr/sling/1.0" xmlns:cq="http://www.day.com/jcr/cq/1.0" xmlns:jcr="http://www.jcp.org/jcr/1.0" xmlns:nt="http://www.jcp.org/jcr/nt/1.0"
    jcr:primaryType="nt:unstructured"
    jcr:title="Content Block"
    sling:resourceType="cq/gui/components/authoring/dialog">
    <content
        jcr:primaryType="nt:unstructured"
        sling:resourceType="granite/ui/components/foundation/container">
        <layout
            jcr:primaryType="nt:unstructured"
            sling:resourceType="granite/ui/components/foundation/layouts/fixedcolumns"/>
        <items jcr:primaryType="nt:unstructured">
            <columns
                jcr:primaryType="nt:unstructured"
                sling:resourceType="granite/ui/components/foundation/container">
                <items jcr:primaryType="nt:unstructured">
                    <items
                        jcr:primaryType="nt:unstructured"
                        sling:resourceType="granite/ui/components/foundation/container">
                        <layout
                            jcr:primaryType="nt:unstructured"
                            sling:resourceType="granite/ui/components/foundation/layouts/tabs"
                            type="nav"/>
                        <items jcr:primaryType="nt:unstructured">
                            <general
                                jcr:primaryType="nt:unstructured"
                                jcr:title="Layout"
                                sling:resourceType="granite/ui/components/foundation/container">
                                <layout
                                    jcr:primaryType="nt:unstructured"
                                    sling:resourceType="granite/ui/components/foundation/layouts/fixedcolumns"/>
                                <items jcr:primaryType="nt:unstructured">
                                    <columns
                                        jcr:primaryType="nt:unstructured"
                                        sling:resourceType="granite/ui/components/foundation/container">
                                        <items jcr:primaryType="nt:unstructured">
                                            <toggle
                                                jcr:primaryType="nt:unstructured"
                                                sling:resourceType="granite/ui/components/foundation/form/select"
                                                fieldLabel="Layout"
                                                name="./layout"
                                                value="standard">
                                                <items jcr:primaryType="nt:unstructured">
                                                    <custom
                                                        jcr:primaryType="nt:unstructured"
                                                        text="Custom"
                                                        value="custom"/>
                                                    <standard
                                                        jcr:primaryType="nt:unstructured"
                                                        text="Content Block Standard"
                                                        value="standard"/>
                                                    <icon
                                                        jcr:primaryType="nt:unstructured"
                                                        text="Content Block with Icon"
                                                        value="icon"/>
                                                    <meta
                                                        jcr:primaryType="nt:unstructured"
                                                        text="Content Meta Block"
                                                        value="meta"/>
                                                    
                                                </items>
                                            </toggle>
                                            <alignment
                                                jcr:primaryType="nt:unstructured"
                                                sling:resourceType="granite/ui/components/foundation/form/select"
                                                fieldLabel="Text alignment"
                                                name="./alignment"
                                                value="content__copy-left">
                                                <items jcr:primaryType="nt:unstructured">
                                                    <content__copy-left
                                                        jcr:primaryType="nt:unstructured"
                                                        text="Left Aligned"
                                                        value="content__copy-left"/>
                                                    <content__copy-center
                                                        jcr:primaryType="nt:unstructured"
                                                        text="Center Aligned"
                                                        value="content__copy-center"/>
                                                </items>
                                            </alignment>
                                        </items>
                                    </columns>
                                </items>
                            </general>
                            <standard
                                jcr:primaryType="nt:unstructured"
                                jcr:title="Content Block Standard"
                                sling:resourceType="granite/ui/components/foundation/container">
                                <layout
                                    jcr:primaryType="nt:unstructured"
                                    sling:resourceType="granite/ui/components/foundation/layouts/fixedcolumns"/>
                                <items jcr:primaryType="nt:unstructured">
                                    <columns
                                        jcr:primaryType="nt:unstructured"
                                        sling:resourceType="granite/ui/components/foundation/container">
                                        <items jcr:primaryType="nt:unstructured">
                                            <standardHText
                                                jcr:primaryType="nt:unstructured"
                                                sling:resourceType="granite/ui/components/foundation/form/textfield"
                                                fieldDescription="Header Text."
                                                fieldLabel="Header Text"
                                                name="./standardHText"
                                                required="true"/>
                                            <style
                                                jcr:primaryType="nt:unstructured"
                                                sling:resourceType="granite/ui/components/foundation/form/select"
                                                fieldLabel="Content Block Standard Style"
                                                name="./standardstyle"
                                                value="content__large-dark-heading">
                                                <items jcr:primaryType="nt:unstructured">
                                                    <content__large-dark-heading
                                                        jcr:primaryType="nt:unstructured"
                                                        text="Large Dark"
                                                        value="content__large-dark-heading"/>
                                                    <content__large-red-heading
                                                        jcr:primaryType="nt:unstructured"
                                                        text="Large Red"
                                                        value="content__large-red-heading"/>
                                                    <content__small-red-heading
                                                        jcr:primaryType="nt:unstructured"
                                                        text="Small Red"
                                                        value="content__small-red-heading"/>
                                                </items>
                                            </style>
                                        </items>
                                    </columns>
                                </items>
                            </standard>
                           
                            <svgblock
                                jcr:primaryType="nt:unstructured"
                                jcr:title="Content Block with ICON"
                                sling:resourceType="granite/ui/components/foundation/container">
                                <layout
                                    jcr:primaryType="nt:unstructured"
                                    sling:resourceType="granite/ui/components/foundation/layouts/fixedcolumns"/>
                                <items jcr:primaryType="nt:unstructured">
                                    <columns
                                        jcr:primaryType="nt:unstructured"
                                        sling:resourceType="granite/ui/components/foundation/container">
                                        <items jcr:primaryType="nt:unstructured">
                                            <includecta
                                                jcr:primaryType="nt:unstructured"
                                                sling:resourceType="granite/ui/components/foundation/form/checkbox"
                                                fieldDescription="If checked, CTA component will display within the content block"
                                                fieldLabel="Include CTA"
                                                name="./svgincludecta"
                                                text="Include CTA"
                                                value="false"/>
                                            <text
                                                jcr:primaryType="nt:unstructured"
                                                sling:resourceType="cq/gui/components/authoring/dialog/richtext"
                                                fieldLabel="Header Text"
                                                name="./svgheadertext"
                                                required="{Boolean}true"
                                                useFixedInlineToolbar="{Boolean}true"
                                                validation="richtext-validation">
                                                <uiSettings jcr:primaryType="nt:unstructured">
                                                    <cui jcr:primaryType="nt:unstructured">
                                                        <inline
                                                            jcr:primaryType="nt:unstructured"
                                                            toolbar="[#format,-,#justify,-,#lists,-,links#modifylink,links#unlink,links#anchor,-,subsuperscript#superscript,subsuperscript#subscript,-,#paraformat,#styles,-,edit#cut,edit#copy,edit#paste-plaintext,edit#paste-default,edit#paste-wordhtml,-,undo#undo,undo#redo,-,findreplace#find,findreplace#replace,-,spellcheck#checktext,-,misctools#sourceedit,-,table#createoredit]">
                                                            <popovers jcr:primaryType="nt:unstructured">
                                                                <format
                                                                    jcr:primaryType="nt:unstructured"
                                                                    items="[format#bold,format#italic,format#underline]"
                                                                    ref="format"/>
                                                                <justify
                                                                    jcr:primaryType="nt:unstructured"
                                                                    items="[justify#justifyleft,justify#justifycenter,justify#justifyright]"
                                                                    ref="justify"/>
                                                                <lists
                                                                    jcr:primaryType="nt:unstructured"
                                                                    items="[lists#unordered,lists#ordered,lists#outdent,lists#indent]"
                                                                    ref="lists"/>
                                                                <paraformat
                                                                    jcr:primaryType="nt:unstructured"
                                                                    items="paraformat:getFormats:paraformat-pulldown"
                                                                    ref="paraformat"/>
                                                                <styles
                                                                    jcr:primaryType="nt:unstructured"
                                                                    items="styles:getStyles:styles-pulldown"
                                                                    ref="styles"/>
                                                            </popovers>
                                                        </inline>
                                                    </cui>
                                                </uiSettings>
                                                <rtePlugins jcr:primaryType="nt:unstructured">
                                                    <format
                                                        jcr:primaryType="nt:unstructured"
                                                        features="*"/>
                                                    <justify
                                                        jcr:primaryType="nt:unstructured"
                                                        features="*"/>
                                                    <lists
                                                        jcr:primaryType="nt:unstructured"
                                                        features="*"/>
                                                    <links
                                                        jcr:primaryType="nt:unstructured"
                                                        features="*"/>
                                                    <subsuperscript
                                                        jcr:primaryType="nt:unstructured"
                                                        features="*"/>
                                                    <paraformat
                                                        jcr:primaryType="nt:unstructured"
                                                        features="*">
                                                        <formats jcr:primaryType="cq:WidgetCollection">
                                                            <paragraph
                                                                jcr:primaryType="cq:WidgetCollection"
                                                                description="Paragraph"
                                                                tag="p"/>
                                                            <heading1
                                                                jcr:primaryType="cq:WidgetCollection"
                                                                description="Heading 1"
                                                                tag="h1"/>
                                                            <heading2
                                                                jcr:primaryType="cq:WidgetCollection"
                                                                description="Heading 2"
                                                                tag="h2"/>
                                                            <heading3
                                                                jcr:primaryType="cq:WidgetCollection"
                                                                description="Heading 3"
                                                                tag="h3"/>
                                                            <heading4
                                                                jcr:primaryType="cq:WidgetCollection"
                                                                description="Heading 4"
                                                                tag="h4"/>
                                                            <strong
                                                                jcr:primaryType="nt:unstructured"
                                                                description="Strong"
                                                                tag="strong"/>
                                                            <em
                                                                jcr:primaryType="nt:unstructured"
                                                                description="Em"
                                                                tag="em"/>
                                                            <i
                                                                jcr:primaryType="nt:unstructured"
                                                                description="I (ai)"
                                                                tag="i"/>
                                                        </formats>
                                                    </paraformat>
                                                    <styles
                                                        jcr:primaryType="nt:unstructured"
                                                        features="*">
                                                        <styles jcr:primaryType="cq:WidgetCollection">
                                                            <lead
                                                                jcr:primaryType="nt:unstructured"
                                                                cssName="lead"
                                                                text="lead"/>
                                                            <small
                                                                jcr:primaryType="nt:unstructured"
                                                                cssName="small"
                                                                text="small"/>
                                                        </styles>
                                                    </styles>
                                                    <edit
                                                        jcr:primaryType="nt:unstructured"
                                                        features="*"/>
                                                    <findreplace
                                                        jcr:primaryType="nt:unstructured"
                                                        features="*"/>
                                                    <undo
                                                        jcr:primaryType="nt:unstructured"
                                                        features="*"/>
                                                    <spellcheck
                                                        jcr:primaryType="nt:unstructured"
                                                        features="*"/>
                                                    <table
                                                        jcr:primaryType="nt:unstructured"
                                                        features="*"/>
                                                    <misctools
                                                        jcr:primaryType="nt:unstructured"
                                                        features="*"/>
                                                </rtePlugins>
                                            </text>
                                            <icon
                                                jcr:primaryType="nt:unstructured"
                                                sling:resourceType="granite/ui/components/coral/foundation/form/select"
                                                autoWidth="true"
                                                fieldLabel="Select Icon"
                                                name="./icon">
                                                <items jcr:primaryType="nt:unstructured">
                                                    <option1
                                                        jcr:primaryType="nt:unstructured"
                                                        text="Icon Calendar"
                                                        value="M8.9 9.8h7.6c-.2.5-.3.9-.3 1.4-.2 1.9 1.2 3.6 3.1 3.8 1.9.2 3.6-1.2 3.8-3.1v-.7c0-.5-.1-1-.3-1.4h4.3c-.2.5-.3.9-.3 1.4-.2 1.9 1.2 3.6 3.1 3.8 1.9.2 3.6-1.2 3.8-3.1v-.6c0-.5-.1-1-.3-1.4H41c.9 0 1.5.8 1.5 1.6v31.9c0 .9-.6 1.6-1.5 1.6H8.9c-.9 0-1.5-.8-1.5-1.6V11.5c0-.9.6-1.6 1.5-1.7zM30.2 5c-.9 0-1.5.8-1.5 1.6v4.9c0 .9.6 1.6 1.5 1.6h.2c.9 0 1.5-.8 1.5-1.6V6.6c.1-.8-.6-1.6-1.5-1.6h-.2zM19.6 5c-.9 0-1.5.8-1.5 1.6v4.9c0 .9.6 1.6 1.5 1.6h.2c.9 0 1.5-.8 1.5-1.6V6.6c0-.9-.6-1.6-1.5-1.6h-.2zm-9 11.9v3.5h28.8v-3.5H10.6zm25.6 16.4v3.5h3.2v-3.5h-3.2zm0-4.7v3.5h3.2v-3.5h-3.2zM32 33.3v3.5h3.2v-3.5H32zm0-4.7v3.5h3.2v-3.5H32zM27.7 38v3.5h3.2V38h-3.2zm0-4.7v3.5h3.2v-3.5h-3.2zm0-4.7v3.5h3.2v-3.5h-3.2zM23.4 38v3.5h3.2V38h-3.2zm0-4.7v3.5h3.2v-3.5h-3.2zm0-4.7v3.5h3.2v-3.5h-3.2zM19.2 38v3.5h3.2V38h-3.2zm0-4.7v3.5h3.2v-3.5h-3.2zm0-4.7v3.5h3.2v-3.5h-3.2zM14.9 38v3.5h3.2V38h-3.2zm0-4.7v3.5h3.2v-3.5h-3.2zm0-4.7v3.5h3.2v-3.5h-3.2zM10.6 38v3.5h3.2V38h-3.2zm0-4.7v3.5h3.2v-3.5h-3.2zm0-4.7v3.5h3.2v-3.5h-3.2zm25.6-4.7v3.5h3.2v-3.5h-3.2zm-4.2 0v3.5h3.2v-3.5H32zm-4.3 0v3.5h3.2v-3.5h-3.2zm-4.3 0v3.5h3.2v-3.5h-3.2zm-4.2 0v3.5h3.2v-3.5h-3.2z"/>
                                                    <option2
                                                        jcr:primaryType="nt:unstructured"
                                                        text="Icon Download"
                                                        value="M38.9 45H11.1c-2.9 0-5.3-2.4-5.3-5.3V10.3C5.8 7.4 8.2 5 11.1 5h27.8c2.9 0 5.3 2.4 5.3 5.3v29.3c0 3-2.4 5.4-5.3 5.4zm.5-33.8c0-.7-.6-1.3-1.3-1.3H11.9c-.7 0-1.3.6-1.3 1.3v17.9c0 .7.6 1.3 1.3 1.3h5c1.2 0 2.1 1 2.1 2.1v3c0 1.2.9 2.1 2.1 2.1h7.8c1.2 0 2.1-1 2.1-2.1v-3c0-1.2.9-2.1 2.1-2.1h5c.7 0 1.3-.6 1.3-1.3V11.2zM26.5 28.5c-.8.8-2.1.8-3 0l-6.1-6.2c-.9-1-.9-2.5 0-3.4.9-.9 2.4-.9 3.3 0l1.8 1.9V15c0-1.3 1.1-2.4 2.5-2.3 1.3 0 2.3 1.1 2.3 2.3v5.8l1.8-1.9c.9-.9 2.4-.9 3.3 0 .9.9 1 2.5 0 3.4l-5.9 6.2z"/>
                                                    <option3
                                                        jcr:primaryType="nt:unstructured"
                                                        text="Icon Heart"
                                                        value="M25 14.1c6.2-12.3 20.2-6.4 19.6 4.6-.6 11.4-16.4 15.4-19.6 24-3.2-8.9-18.8-12.4-19.6-24-.8-11 14.1-16.9 19.6-4.6z"/>
                                                    <option4
                                                        jcr:primaryType="nt:unstructured"
                                                        text="Icon Medical"
                                                        value="M7.6 5h34.8C43.8 5 45 6.2 45 7.6v34.8c0 1.4-1.2 2.6-2.6 2.6H7.6C6.2 45 5 43.8 5 42.4V7.6C5 6.2 6.2 5 7.6 5zm3.3 23.5h10.6v10.6h7.1V28.5h10.6v-7.1H28.5V10.9h-7.1v10.6H10.9v7z"/>
                                                    <option5
                                                        jcr:primaryType="nt:unstructured"
                                                        text="Icon Microscope"
                                                        value="M28.8 18.7c7.1.8 12.3 7.1 11.5 14.2-.6 5.8-5.1 10.5-10.9 11.4-.6.1-1.2.1-1.8.1h-17c-.6 0-1.1-.5-1.1-1.1v-2.2c0-.6.5-1.1 1.1-1.1h4.2v-1.1h-2.4c-.4 0-.8-.4-.8-.8v-1.6c0-.4.4-.8.8-.8h15.4c.4 0 .8.4.8.8V39c4.1-.7 6.9-4.5 6.3-8.6-.5-3.3-3.2-5.9-6.5-6.3-.6.6-1.5.9-2.3.9-.5 0-1-.1-1.5-.3l-5.8-3.4c-.2-.1-.3-.2-.3-.4-.1-.2 0-.4.1-.5l5-8.7c.2-.3.6-.5 1-.3l5.2 3.1c.3.2.4.6.3 1l-1.7 2.9c.1 0 .3.1.4.3zm-2.6 1.4c-.6 0-1.1.5-1.1 1 0 .6.5 1.1 1 1.1.6 0 1.1-.5 1.1-1 0-.6-.5-1.1-1-1.1zm1.3-14.5c-.2-.1-.6-.1-.7.2l-.5.9c-.1.3-.1.6.2.7l1.4.8-1.6 2.8 2.8 1.6 1.6-2.8 1.4.8c.2.1.6.1.7-.2l.5-.9c.1-.2 0-.5-.3-.7l-5.5-3.2zm-3.7 20.6c.2-.3.1-.8-.3-1l-5.2-3.1c-.3-.2-.8-.1-.9.2L15.9 25c-.1.2-.1.4-.1.5 0 .2.2.3.3.4l5.2 3.1c.3.2.8.1.9-.2l1.6-2.6z"/>
                                                    <option6
                                                        jcr:primaryType="nt:unstructured"
                                                        text="Icon Test-Tubes"
                                                        value="M16.7 10.9v13h3.6v-13h3.6v29.4c0 .7.5 1.2 1.2 1.2s1.2-.5 1.2-1.2V10.9h3.6v13h3.6v-13h3.6v26h2.4v-26h3.6v29.4c0 2.6-2.1 4.7-4.8 4.7-2.6 0-4.7-2.1-4.8-4.7v-14h-3.6v14c0 2.6-2.1 4.7-4.8 4.7-2.6 0-4.7-2.1-4.8-4.7v-14h-3.6v14c0 2.6-2.1 4.7-4.8 4.7-2.6 0-4.7-2.1-4.8-4.7V10.9h3.6v18.9h2.4V10.9h3.6zM7.7 5h8.4c1 0 1.7.8 1.8 1.7v.1c0 1-.8 1.7-1.8 1.7H7.7C6.8 8.6 6 7.8 6 6.8S6.8 5 7.7 5zm26.2 0h8.4c1 0 1.7.8 1.8 1.7v.1c0 1-.8 1.7-1.8 1.7h-8.4c-1 0-1.7-.8-1.8-1.7 0-1 .8-1.8 1.8-1.8zM20.8 5h8.4c1 0 1.7.8 1.8 1.7v.1c0 1-.8 1.7-1.8 1.7h-8.4c-1 0-1.7-.8-1.8-1.7.1-1 .8-1.8 1.8-1.8z"/>
                                                    <option7
                                                        jcr:primaryType="nt:unstructured"
                                                        text="Icon Pencil"
                                                        value="M43.7 10.1c.2.2.4.5.5.8.2.6.2 1.2 0 1.8-.1.3-.3.6-.5.8L40.2 17c-.1.1-.2.2-.3.2-.3.1-.5.1-.8 0-.1 0-.2-.1-.3-.2l-5.9-6c-.1-.1-.2-.2-.2-.3-.1-.3-.1-.6 0-.8 0-.1.1-.2.2-.3L36.3 6c.2-.2.5-.4.8-.5.6-.2 1.2-.2 1.8 0 .3.1.6.3.8.5l4 4.1zm-12.1 2.2l5.8 6c.1.1.2.2.2.3.1.3.1.6 0 .8 0 .1-.1.2-.2.3L18.3 39.2l-.3.3c-.3.1-.5.1-.8 0-.1-.1-.2-.1-.3-.3L11 33.3l-.3-.3c-.1-.3-.1-.6 0-.8.1-.1.1-.2.3-.3l19.1-19.5c.1-.1.2-.2.3-.2.3-.1.5-.1.8 0 .2 0 .3 0 .4.1zM9.9 34.7l5.6 5.6c.1.1.1.2.2.3 0 .1.1.2.1.3 0 .1 0 .2-.1.3 0 .1-.1.2-.2.3v.1h-.1l-.1.1h-.1l-8.4 2.9-.2.1c-.1 0-.1.1-.2.1h-.2c-.1 0-.1-.1-.2-.1s-.1-.1-.2-.1c0-.1-.1-.1-.1-.2s-.1-.1-.1-.2V44c0-.1 0-.1.1-.2l2.9-8.6.1-.1V35l.1-.1v-.1h.1c.1-.1.2-.1.3-.2.2-.1.4-.1.6 0-.1 0 0 0 .1.1z"/>
                                                    <option8
                                                        jcr:primaryType="nt:unstructured"
                                                        text="Icon Checkmark"
                                                        value="M10.8 10.8C3 18.6 3 31.3 10.8 39.1c7.8 7.8 20.5 7.8 28.3 0 7.8-7.8 7.8-20.5 0-28.3-7.8-7.8-20.5-7.8-28.3 0zm6.1 9.5l5.8 5.8L33 15.8c.5-.5 1.2-.5 1.7 0l2.7 2.7c.5.5.5 1.2 0 1.7L22.7 35 12.5 24.7c-.5-.5-.5-1.3 0-1.7l2.7-2.7c.5-.5 1.2-.5 1.7 0z"/>
                                                    <option9
                                                        jcr:primaryType="nt:unstructured"
                                                        text="Icon WWW Inner"
                                                        value="M10.2 28.2h1.5l1.6-4.5 1.6 4.5h1.5l2.4-6.6h-1.7l-1.5 4.5-1.6-4.5h-1.4L11 26.1l-1.5-4.5H7.8l2.4 6.6zm11.8 0h1.5l1.6-4.5 1.6 4.5h1.5l2.4-6.6H29l-1.5 4.5-1.6-4.5h-1.4l-1.6 4.5-1.5-4.5h-1.7l2.3 6.6zm11.9 0h1.5l1.6-4.5 1.6 4.5h1.5l2.4-6.6h-1.7l-1.5 4.5-1.6-4.5h-1.4l-1.6 4.5-1.5-4.5h-1.7l2.4 6.6z"/>
                                                    <option10
                                                        jcr:primaryType="nt:unstructured"
                                                        text="Icon Map Pin"
                                                        value="M36.8 23.1l-9 19.1c-.5 1.1-1.6 1.7-2.8 1.7s-2.3-.7-2.8-1.7l-9-19.1c-.6-1.4-.8-2.9-.8-4.4 0-7 5.6-12.6 12.6-12.6s12.6 5.6 12.6 12.6c0 1.5-.2 3-.8 4.4zM25 12.4c-3.5 0-6.3 2.8-6.3 6.3S21.5 25 25 25s6.3-2.8 6.3-6.3-2.8-6.3-6.3-6.3z"/>
                                                    <option11
                                                        jcr:primaryType="nt:unstructured"
                                                        text="Icon Mail"
                                                        value="M7.3 11.7h35.3c.5 0 1.1.2 1.5.5L25 27.9 5.9 12.2c.4-.3.9-.5 1.4-.5zM45 15L25 31.4 5 15v21c0 1.3 1.1 2.3 2.4 2.3h35.3c1.3 0 2.3-1 2.4-2.3V15z"/>
                                                    <option12
                                                        jcr:primaryType="nt:unstructured"
                                                        text="Icon Hours"
                                                        value="M25.1 43.8c-10.3 0-18.6-8.3-18.6-18.6C6.6 15 14.9 6.7 25.1 6.7c10.3 0 18.6 8.3 18.6 18.6 0 10.2-8.3 18.5-18.6 18.5zm0-31.7C17.9 12.1 12 18 12 25.3c0 7.3 5.9 13.2 13.2 13.2 7.3 0 13.2-5.9 13.2-13.2-.1-7.3-6-13.2-13.3-13.2zm3.1 15.5c0 .4-.3.8-.8.8h-7.7c-.4 0-.8-.3-.8-.8V26c0-.4.3-.8.8-.8h5.4v-8.5c0-.4.3-.8.8-.8h1.5c.4 0 .8.3.8.8v10.9z"/>
                                                    <option13
                                                        jcr:primaryType="nt:unstructured"
                                                        text="Icon Fax"
                                                        value="M19.4 11.5h23.1c1.4 0 2.6 1.1 2.6 2.5v22c0 1.4-1.2 2.5-2.6 2.5H19.4c-1.4 0-2.6-1.1-2.6-2.5V14c0-1.4 1.2-2.6 2.6-2.5zm-11.8 0h4.2c1.4 0 2.6 1.1 2.6 2.5v22c0 1.4-1.2 2.5-2.6 2.5H7.6C6.2 38.5 5 37.4 5 36V14c0-1.4 1.2-2.6 2.6-2.5zm4.5 29.3H38v1.8c0 .9-.8 1.6-1.7 1.6H13.7c-.9 0-1.6-.7-1.7-1.6l.1-1.8zm1.6-35h22.6c.9 0 1.6.7 1.7 1.6v1.8H12.1V7.4c0-.9.7-1.6 1.6-1.6zm6.6 9.1v7.9h21.2v-7.9H20.3zM38 31.8v3.4h3.5v-3.4H38zm0-5.7v3.4h3.5v-3.4H38zm-5.9 5.7v3.4h3.5v-3.4h-3.5zm-5.9 0v3.4h3.5v-3.4h-3.5zm-5.9 0v3.4h3.5v-3.4h-3.5zm11.8-5.7v3.4h3.5v-3.4h-3.5zm-5.9 0v3.4h3.5v-3.4h-3.5zm-5.9 0v3.4h3.5v-3.4h-3.5z"/>
                                                    <option14
                                                        jcr:primaryType="nt:unstructured"
                                                        text="Icon Gift"
                                                        value="M41.6 45H27.2v-9.7c1.2 1.3 2.9 2 4.7 2.1 1.3 0 2.5-.5 3.4-1.4 1.1-1.2 1.6-2.9 1.3-4.5-.2-1.5-.9-2.9-1.9-4h9.1v15.3c0 1.1-1 2.2-2.2 2.2zM28 27.7c1.5 0 3 .7 4 1.8.6.7 1.1 1.5 1.2 2.4.1.5 0 1.1-.3 1.5-.3.3-.7.4-1 .4-1-.1-2-.6-2.7-1.3-1.2-1.3-1.8-3-1.7-4.8h.5zm1.2-10.2c.7-.8 1.6-1.3 2.7-1.3.4 0 .8.1 1 .4.3.4.4 1 .3 1.5-.2.9-.6 1.8-1.2 2.4-1 1.1-2.5 1.8-4 1.8h-.5c-.1-1.8.5-3.5 1.7-4.8zm7.3 1.1c.3-1.6-.2-3.3-1.3-4.5-.9-.9-2.1-1.4-3.4-1.4-1.8.1-3.4.8-4.7 2.1V5h14.4c1.3 0 2.2 1.1 2.2 2.4v15.3h-9.1c1.1-1.2 1.7-2.6 1.9-4.1zm-30.3 24V27.4h9.1c-1 1.1-1.6 2.5-1.9 4-.3 1.6.2 3.3 1.3 4.5.9.9 2.1 1.4 3.4 1.4 1.8-.1 3.4-.8 4.7-2.1V45H8.4c-1.2 0-2.2-1.1-2.2-2.4zM22 22.3c-1.5 0-3-.7-4-1.8-.6-.7-1.1-1.5-1.2-2.4-.1-.5 0-1.1.3-1.5.3-.3.7-.4 1-.4 1 .1 2 .6 2.7 1.3 1.2 1.3 1.8 3 1.7 4.8H22zm-1.2 10.2c-.7.8-1.6 1.3-2.7 1.3-.4 0-.8-.1-1-.4-.3-.4-.4-1-.3-1.5.2-.9.6-1.8 1.2-2.4 1-1.1 2.5-1.8 4-1.8h.5c.1 1.8-.5 3.5-1.7 4.8zm-6.1-18.4c-1.1 1.2-1.6 2.9-1.3 4.5.2 1.5.9 2.9 1.9 4H6.2V7.4c0-1.3 1-2.3 2.2-2.4h14.4v9.7c-1.2-1.3-2.9-2-4.7-2.1-1.3 0-2.5.5-3.4 1.5z"/>
                                                    <option15
                                                        jcr:primaryType="nt:unstructured"
                                                        text="Icon Doctor"
                                                        value="M15.9 17.1c-.2 1.6-.2 3.2.2 4.8-.5 1-.5 2.2-.1 3.2.3.8.8 1.5 1.5 2 .2.5.3 1.1.5 1.6 1 1.1 1.3 2 2.2 2.5.2 1-.1 2-.8 2.7h-.1L8.1 39.6C7 40 6.2 41 6.2 42.2v.8c.1 1.2 1.2 2.1 2.4 2h32.7c1.2.1 2.3-.8 2.4-2v-.8c0-1.2-.7-2.2-1.8-2.6L30.7 34h-.1c-.7-.7-.9-1.7-.8-2.7.9-.5 1.2-1.4 2.2-2.5.2-.5.4-1 .6-1.6.7-.5 1.2-1.3 1.5-2.1.4-1 .3-2-.1-3 .3-1.6.3-3.3.1-4.9l.9-9.9C31.8 5.9 28.4 5.1 25 5c-3.4.1-6.8.8-10 2.2l.9 9.9zm4.7-4.8v-1.2c0-.3.2-.5.5-.5h2.8V7.7c0-.3.2-.5.5-.5h1.2c.3 0 .5.2.5.5v2.8h2.8c.3 0 .5.2.5.5v1.2c0 .3-.2.5-.5.5h-2.8v2.8c0 .3-.2.5-.5.5h-1.2c-.3 0-.5-.2-.5-.5v-2.8h-2.8c-.3.1-.5-.1-.5-.4z"/>
                                                </items>
                                            </icon>
                                            <style
                                                jcr:primaryType="nt:unstructured"
                                                sling:resourceType="granite/ui/components/coral/foundation/form/select"
                                                fieldDescription="Icon gradient will only display on white background"
                                                fieldLabel="Icon Gradient"
                                                name="./icongradient">
                                                <items jcr:primaryType="nt:unstructured">
                                                    <nogradient
                                                        jcr:primaryType="nt:unstructured"
                                                        text="No Gradient"
                                                        value=" "/>
                                                    <gradient
                                                        jcr:primaryType="nt:unstructured"
                                                        text="Gradient"
                                                        value="gradient"/>
                                                    <gradientgreenblue
                                                        jcr:primaryType="nt:unstructured"
                                                        text="Gradient Green-Blue"
                                                        value="gradient__green-blue"/>
                                                    <gradientbluegreen
                                                        jcr:primaryType="nt:unstructured"
                                                        text="Gradient Blue-Green"
                                                        value="gradient__blue-green"/>
                                                    <gradientredorange
                                                        jcr:primaryType="nt:unstructured"
                                                        text="Gradient Red-Orange"
                                                        value="gradient__red-orange"/>
                                                    <gradientorangeyellow
                                                        jcr:primaryType="nt:unstructured"
                                                        text="Gradient Orange-Yellow"
                                                        value="gradient__orange-yellow"/>
                                                </items>
                                            </style>
                                        </items>
                                    </columns>
                                </items>
                            </svgblock>
                            
                        </items>
                    </items>
                </items>
            </columns>
        </items>
    </content>
</jcr:root>
