<?xml version="1.0" encoding="UTF-8"?>
<jcr:root xmlns:sling="http://sling.apache.org/jcr/sling/1.0"
          xmlns:granite="http://www.adobe.com/jcr/granite/1.0"
          xmlns:cq="http://www.day.com/jcr/cq/1.0"
          xmlns:jcr="http://www.jcp.org/jcr/1.0"
          xmlns:nt="http://www.jcp.org/jcr/nt/1.0"
          jcr:primaryType="nt:unstructured"
          jcr:title="Site Wide Alert"
          sling:resourceType="cq/gui/components/authoring/dialog"
          helpPath="https://www.adobe.com/go/aem_cmp_form_options_v1">
  <content
    jcr:primaryType="nt:unstructured"
    granite:class="core-wcm-form-options-v1"
    sling:resourceType="granite/ui/components/coral/foundation/container">
    <layout
      jcr:primaryType="nt:unstructured"
      sling:resourceType="granite/ui/components/coral/foundation/layouts/fixedcolumns"
      margin="{Boolean}true"/>
    <items jcr:primaryType="nt:unstructured">
      <column
        jcr:primaryType="nt:unstructured"
        sling:resourceType="granite/ui/components/coral/foundation/container">
        <items jcr:primaryType="nt:unstructured">
          <alertStyle
            jcr:primaryType="nt:unstructured"
            sling:resourceType="granite/ui/components/coral/foundation/form/select"
            granite:class="cmp-form-options-source cq-dialog-dropdown-showhide"
            fieldDescription="Select the type of alert this component"
            fieldLabel="Alert Style"
            required="{Boolean}true"
            name="./alertStyle">
            <granite:data
              jcr:primaryType="nt:unstructured"
              cq-dialog-dropdown-showhide-target=".list-option-listfrom-showhide-target"/>
            <items jcr:primaryType="nt:unstructured">
              <option1
                jcr:primaryType="nt:unstructured"
                selected="{Boolean}true"
                text="System Wide Alert"
                value="systemWideAlert"/>
              <option2
                jcr:primaryType="nt:unstructured"
                text="Warning Alert"
                value="warningAlert"/>
            </items>
          </alertStyle>
          <option2
            jcr:primaryType="nt:unstructured"
            sling:resourceType="granite/ui/components/coral/foundation/container"
            granite:class="hide list-option-listfrom-showhide-target foundation-layout-util-vmargin">
            <granite:data
              jcr:primaryType="nt:unstructured"
              showhidetargetvalue="systemWideAlert"
            />
            <items jcr:primaryType="nt:unstructured">
              <systemAlertSize
                jcr:primaryType="nt:unstructured"
                sling:resourceType="granite/ui/components/coral/foundation/form/select"
                fieldDescription=""
                fieldLabel="System Alert Size"
                required="{Boolean}true"
                name="./systemAlertSize">
                <items jcr:primaryType="nt:unstructured">
                  <systemAlertLarge
                    jcr:primaryType="nt:unstructured"
                    selected="{Boolean}true"
                    text="System Alert Large"
                    value="systemAlertLarge"/>
                  <systemAlertSmall
                    jcr:primaryType="nt:unstructured"
                    text="System Alert Small"
                    value="systemAlertSmall"/>
                </items>
              </systemAlertSize>
            </items>
          </option2>
          <lable
            jcr:primaryType="nt:unstructured"
            sling:resourceType="granite/ui/components/coral/foundation/form/textfield"
            fieldDescription="Text field to enter Cedars-Sinai"
            fieldLabel="Cedars-Sinai Label"
            required="{Boolean}true"
            name="./label"/>
          <AlertLabel
            jcr:primaryType="nt:unstructured"
            sling:resourceType="granite/ui/components/coral/foundation/form/textfield"
            fieldDescription="Text field to enter Alert"
            fieldLabel="Alert Label"
            name="./alertLabel"/>
          <alertDescriptionLabel
            jcr:primaryType="nt:unstructured"
            sling:resourceType="cq/gui/components/authoring/dialog/richtext"
            fieldDescription="Rich Text field to enter alert description"
            fieldLabel="Alert Description"
            required="{Boolean}true"
            name="./alertDescriptionLabel"
            validation="richtext-validation"
            useFixedInlineToolbar="{Boolean}true">
            <rtePlugins jcr:primaryType="nt:unstructured">
              <format
                jcr:primaryType="nt:unstructured"
                features="*"/>
              <justify
                jcr:primaryType="nt:unstructured"
                features="*"/>
              <lists
                jcr:primaryType="nt:unstructured"
                features="*"/>
              <paraformat
                jcr:primaryType="nt:unstructured"
                features="*"/>
              <links
                jcr:primaryType="nt:unstructured"
                features="*"/>
              <edit
                jcr:primaryType="nt:unstructured"
                features="*"/>
              <findreplace
                jcr:primaryType="nt:unstructured"
                features="*"/>
              <keys
                jcr:primaryType="nt:unstructured"
                features="*"/>
              <style
                jcr:primaryType="nt:unstructured"
                features="*"/>
              <undo
                jcr:primaryType="nt:unstructured"
                features="*"/>
            </rtePlugins>
            <uiSettings jcr:primaryType="nt:unstructured">
              <cui jcr:primaryType="nt:unstructured">
                <inline
                  jcr:primaryType="nt:unstructured"
                  toolbar="[format#bold,format#italic,format#underline,#paraformat,image#imageProps,#justify,#lists,links#modifylink,links#unlink]">
                  <popovers jcr:primaryType="nt:unstructured">
                    <justify
                      jcr:primaryType="nt:unstructured"
                      items="[justify#justifyleft,justify#justifycenter,justify#justifyright]"
                      ref="justify"/>
                    <lists
                      jcr:primaryType="nt:unstructured"
                      items="[lists#unordered,lists#ordered,lists#outdent,lists#indent]"
                      ref="lists"/>
                    <paraformat
                      jcr:primaryType="nt:unstructured"
                      items="paraformat:getFormats:paraformat-pulldown"
                      ref="paraformat"/>
                  </popovers>
                </inline>
              </cui>
            </uiSettings>
          </alertDescriptionLabel>
        </items>
      </column>
    </items>
  </content>
</jcr:root>
