<?xml version="1.0" encoding="UTF-8"?>
<jcr:root xmlns:sling="http://sling.apache.org/jcr/sling/1.0" xmlns:cq="http://www.day.com/jcr/cq/1.0" xmlns:jcr="http://www.jcp.org/jcr/1.0" xmlns:nt="http://www.jcp.org/jcr/nt/1.0"
    jcr:primaryType="nt:unstructured"
    jcr:title="Bio Doctor"
    sling:resourceType="cq/gui/components/authoring/dialog">
    <content
        jcr:primaryType="nt:unstructured"
        sling:resourceType="granite/ui/components/coral/foundation/fixedcolumns">
        <items jcr:primaryType="nt:unstructured">
            <column
                jcr:primaryType="nt:unstructured"
                sling:resourceType="granite/ui/components/coral/foundation/container">
                <items jcr:primaryType="nt:unstructured">
                    <image
                        jcr:primaryType="nt:unstructured"
                        sling:resourceType="granite/ui/components/foundation/form/fileupload"
                        allowUpload="{Boolean}false"
                        class="cq-droptarget"
                        fieldDescription="The image that displays within the bio listing"
                        fieldLabel="Image"
                        fileNameParameter="./fileName"
                        fileReferenceParameter="./image"
                        mimeTypes="[image]"
                        multiple="{Boolean}false"
                        name="./file"
                        required="{Boolean}true"
                        uploadUrl="${suffix.path}"
                        useHTML5="{Boolean}true"/>
                    <name
                        jcr:primaryType="nt:unstructured"
                        sling:resourceType="granite/ui/components/coral/foundation/form/textfield"
                        fieldDescription="The name of the team member"
                        fieldLabel="Name"
                        name="./name"
                        required="{Boolean}true"/>
                    <titles
                        jcr:primaryType="nt:unstructured"
                        sling:resourceType="granite/ui/components/coral/foundation/form/multifield"
                        fieldDescription="The title of the team member"
                        fieldLabel="Titles"
                        required="{Boolean}true">
                        <field
                            jcr:primaryType="nt:unstructured"
                            sling:resourceType="granite/ui/components/coral/foundation/container"
                            name="./titles">
                            <items jcr:primaryType="nt:unstructured">
                                <title
                                    jcr:primaryType="nt:unstructured"
                                    sling:resourceType="granite/ui/components/coral/foundation/form/textfield"
                                    fieldLabel="Title"
                                    name="./titles"
                                    required="{Boolean}true"
                                    rootPath="/content/cedars-sinai"/>
                            </items>
                        </field>
                    </titles>
                    <specialties
                        cq:showOnCreate="{Boolean}true"
                        jcr:primaryType="nt:unstructured"
                        sling:resourceType="cq/gui/components/common/tagspicker"
                        cq-msm-lockable="cq:Tags"
                        fieldDescription="The specialty of the team member"
                        fieldLabel="Specialties"
                        name="./cq:tags"
                        required="{Boolean}true"
                        tagsBasePath="/etc/tags/physician-specialities"/>
                    <locations
                        jcr:primaryType="nt:unstructured"
                        sling:resourceType="granite/ui/components/coral/foundation/form/multifield"
                        fieldDescription="The locations the doctor is associated to"
                        fieldLabel="Locations"
                        required="{Boolean}true">
                        <field
                            jcr:primaryType="nt:unstructured"
                            sling:resourceType="granite/ui/components/coral/foundation/container"
                            name="./locations">
                            <items jcr:primaryType="nt:unstructured">
                                <link
                                    jcr:primaryType="nt:unstructured"
                                    sling:resourceType="granite/ui/components/coral/foundation/form/pathfield"
                                    fieldLabel="Path"
                                    name="./locations"
                                    required="{Boolean}true"
                                    rootPath="/content/cedars-sinai"/>
                            </items>
                        </field>
                    </locations>
                    <phoneNumber
                        jcr:primaryType="nt:unstructured"
                        sling:resourceType="granite/ui/components/coral/foundation/form/textfield"
                        fieldDescription="The telephone numbers that displays within each bio listing"
                        fieldLabel="Phone Number"
                        name="./phoneNumber"
                        required="{Boolean}true"/>
                    <linkText
                        jcr:primaryType="nt:unstructured"
                        sling:resourceType="granite/ui/components/coral/foundation/form/textfield"
                        fieldDescription="The text that the link displays"
                        fieldLabel="Link Text"
                        name="./linkText"
                        required="{Boolean}true"
                        value="VIEW FULL PROFILE"/>
                    <link
                        jcr:primaryType="nt:unstructured"
                        sling:resourceType="granite/ui/components/coral/foundation/form/pathfield"
                        fieldDescription="The destination page when the user clicks the link"
                        fieldLabel="Bio Link"
                        name="./link"
                        required="{Boolean}true"
                        rootPath="/content/cedars-sinai"/>
                </items>
            </column>
        </items>
    </content>
</jcr:root>
