<?xml version="1.0" encoding="UTF-8"?>
<jcr:root xmlns:sling="http://sling.apache.org/jcr/sling/1.0" xmlns:cq="http://www.day.com/jcr/cq/1.0"
	xmlns:jcr="http://www.jcp.org/jcr/1.0" xmlns:nt="http://www.jcp.org/jcr/nt/1.0"
	jcr:primaryType="nt:unstructured"
	jcr:title="Locations Map"
	sling:resourceType="cq/gui/components/authoring/dialog">
	<content
		jcr:primaryType="nt:unstructured"
		sling:resourceType="granite/ui/components/foundation/container">
		<layout
			jcr:primaryType="nt:unstructured"
			sling:resourceType="granite/ui/components/foundation/layouts/fixedcolumns"/>
		<items jcr:primaryType="nt:unstructured">
			<column
				jcr:primaryType="nt:unstructured"
				sling:resourceType="granite/ui/components/foundation/container">
				<items jcr:primaryType="nt:unstructured">
					<latitude
						jcr:primaryType="nt:unstructured"
						sling:resourceType="granite/ui/components/foundation/form/textfield"
						fieldDescription="The latitude for the center of the map, ex: 34.073956"
						fieldLabel="Latitude"
						name="./latitude"
						required="true" />
					<longitude
						jcr:primaryType="nt:unstructured"
						sling:resourceType="granite/ui/components/foundation/form/textfield"
						required="true"
						fieldDescription="The longitude for the center of the map, ex: -118.380522"
						fieldLabel="Longitude"
						name="./longitude" />
					<zoom
						jcr:primaryType="nt:unstructured"
						sling:resourceType="granite/ui/components/foundation/form/textfield"
						required="false"
						fieldDescription="The zoom level for the map on a 1 (whole world) to 20 (individual building)"
						fieldLabel="Zoom"
						name="./zoom" />
					<locations
						jcr:primaryType="nt:unstructured"
						sling:resourceType="granite/ui/components/foundation/form/multifield"
						fieldDescription="The list of locations to be displayed on this map, if none specified, all will be used"
						fieldLabel="Locations">
						<field
							jcr:primaryType="nt:unstructured"
							sling:resourceType="granite/ui/components/foundation/form/pathbrowser"
							required="true"
							name="./locations"
							rootPath="/content/cedars-sinai/locations">
						</field>
					</locations>
				</items>
			</column>
		</items>
	</content>
</jcr:root>
