<?xml version="1.0" encoding="UTF-8"?>
<jcr:root xmlns:sling="http://sling.apache.org/jcr/sling/1.0" xmlns:cq="http://www.day.com/jcr/cq/1.0" xmlns:jcr="http://www.jcp.org/jcr/1.0" xmlns:nt="http://www.jcp.org/jcr/nt/1.0"
    jcr:primaryType="nt:unstructured"
    jcr:title="Sticky Nav"
    sling:resourceType="cq/gui/components/authoring/dialog">
    <content
        jcr:primaryType="nt:unstructured"
        sling:resourceType="granite/ui/components/coral/foundation/container">
        <items jcr:primaryType="nt:unstructured">
            <tabs
                jcr:primaryType="nt:unstructured"
                sling:resourceType="granite/ui/components/coral/foundation/tabs"
                maximized="{Boolean}true">
                <items jcr:primaryType="nt:unstructured">
                    <Basic
                        jcr:primaryType="nt:unstructured"
                        jcr:title="Configure Sticky Nav"
                        sling:resourceType="granite/ui/components/coral/foundation/fixedcolumns"
                        margin="{Boolean}false">
                        <items jcr:primaryType="nt:unstructured">
                            <column
                                jcr:primaryType="nt:unstructured"
                                sling:resourceType="granite/ui/components/coral/foundation/container">
                                <items jcr:primaryType="nt:unstructured">
                                    <multifieldcollection
                                        jcr:primaryType="nt:unstructured"
                                        sling:resourceType="granite/ui/components/coral/foundation/form/multifield"
                                        composite="{Boolean}true"
                                        fieldDescription="The links for the utility nav"
                                        fieldLabel="Configure Utility nav">
                                        <field
                                            jcr:primaryType="nt:unstructured"
                                            sling:resourceType="granite/ui/components/coral/foundation/container"
                                            name="./links">
                                            <items jcr:primaryType="nt:unstructured">
                                                <linkurl
                                                    jcr:primaryType="nt:unstructured"
                                                    sling:resourceType="granite/ui/components/coral/foundation/form/pathfield"
                                                    fieldDescription="Path for this link"
                                                    fieldLabel="Path"
                                                    name="./link"
                                                    required="{Boolean}true"
                                                    rootPath="/content/cedars-sinai"/>
                                                <linkLabel
                                                    jcr:primaryType="nt:unstructured"
                                                    sling:resourceType="granite/ui/components/coral/foundation/form/textfield"
                                                    fieldDescription="Display label for this link"
                                                    fieldLabel="Label"
                                                    name="./text"
                                                    required="{Boolean}true"/>
                                            </items>
                                        </field>
                                    </multifieldcollection>
                                </items>
                            </column>
                        </items>
                    </Basic>
                </items>
            </tabs>
        </items>
    </content>
</jcr:root>
