<?xml version="1.0" encoding="UTF-8"?>
<jcr:root xmlns:sling="http://sling.apache.org/jcr/sling/1.0" xmlns:cq="http://www.day.com/jcr/cq/1.0"
          xmlns:jcr="http://www.jcp.org/jcr/1.0" xmlns:nt="http://www.jcp.org/jcr/nt/1.0"
          jcr:primaryType="nt:unstructured"
          sling:resourceType="cq/gui/components/authoring/dialog">
          <content
          	jcr:primaryType="nt:unstructured"
          	sling:resourceType="granite/ui/components/coral/foundation/container">
          	<items jcr:primaryType="nt:unstructured">
          		<tabs
          			jcr:primaryType="nt:unstructured"
          			sling:resourceType="granite/ui/components/coral/foundation/tabs"
          			maximized="{Boolean}true">
          			<items jcr:primaryType="nt:unstructured">
          				<tab1
          					jcr:primaryType="nt:unstructured"
          					jcr:title="Section Headers"
          					margin="{Boolean}false"
          					sling:resourceType="granite/ui/components/coral/foundation/fixedcolumns">
          					<items jcr:primaryType="nt:unstructured">
          						<column
          							jcr:primaryType="nt:unstructured"
          							sling:resourceType="granite/ui/components/coral/foundation/container">
          							<items jcr:primaryType="nt:unstructured">
          								<sectionheaders
          									jcr:primaryType="nt:unstructured"
          									sling:resourceType="granite/ui/components/coral/foundation/form/multifield"
          									composite="{Boolean}true"
          									fieldLabel="Section Headers">
          									<field
          										jcr:primaryType="nt:unstructured"
          										sling:resourceType="granite/ui/components/foundation/form/textfield"
          										name="./header">
          									</field>
          								</sectionheaders>
          							</items>
          						</column>
          					</items>
          				</tab1>
          				<tab2
          					jcr:primaryType="nt:unstructured"
          					jcr:title="Follow Us"
          					sling:resourceType="granite/ui/components/coral/foundation/fixedcolumns">
          					<items jcr:primaryType="nt:unstructured">
          					<column
          						jcr:primaryType="nt:unstructured"
          						sling:resourceType="granite/ui/components/coral/foundation/container">
          						<items jcr:primaryType="nt:unstructured">
          						<followUsHeader
          							jcr:primaryType="nt:unstructured"
          							sling:resourceType="granite/ui/components/coral/foundation/form/textfield"
          							required="{Boolean}true"
          							fieldLabel="Follow Us Header"
          							name="./followUsHeader"/>
          						<socialLinks
          							jcr:primaryType="nt:unstructured"
          							sling:resourceType="granite/ui/components/coral/foundation/form/multifield"
          							fieldLabel="Social Links"
          							composite="{Boolean}true">
          							<field
          								jcr:primaryType="nt:unstructured"
          								sling:resourceType="granite/ui/components/coral/foundation/container"
          								name="./socialLinks">
          								<items jcr:primaryType="nt:unstructured">
	          								<socialIcon
	          									jcr:primaryType="nt:unstructured"
	          									sling:resourceType="granite/ui/components/coral/foundation/form/select"
	          									autoWidth="true"
	          									fieldDescription="Select icon type from dropdown"
	          									fieldLabel="Social Icon"
	          									name="./socialIcon">
	          									<items jcr:primaryType="nt:unstructured">
		          									<option1
														jcr:primaryType="nt:unstructured"
														text="Facebook"
														value="facebook"/>
													<option2
														jcr:primaryType="nt:unstructured"
														text="Twitter"
														value="twitter"/>
													<option3
														jcr:primaryType="nt:unstructured"
														text="Linked-In"
														value="linked-in"/>
													<option4
														jcr:primaryType="nt:unstructured"
														text="Youtube"
														value="youtube"/>
													<option5
														jcr:primaryType="nt:unstructured"
														text="Instagram"
														value="instagram"/>
												</items>
		                        			</socialIcon>
		                        			<socialTitle
		                        				jcr:primaryType="nt:unstructured"
		                        				sling:resourceType="granite/ui/components/coral/foundation/form/textfield"
		                        				required="{Boolean}true"
		                        				fieldLabel="Social Title"
		                        				name="./socialTitle"/>
		                        			<socialLink
		                        				jcr:primaryType="nt:unstructured"
		                        				sling:resourceType="granite/ui/components/coral/foundation/form/pathfield"
		                        				required="{Boolean}true"
		                        				fieldLabel="Social Link"
		                        				name="./socialLink"
		                        				rootPath="/content/cedars-sinai" />
          								</items>
          							</field>
          						</socialLinks>
          					</items>
          				</column>
          			</items>
          		</tab2>
          		<tab3
          			jcr:primaryType="nt:unstructured"
          			jcr:title="Right Rail"
          			sling:resourceType="granite/ui/components/coral/foundation/fixedcolumns">
          			<items jcr:primaryType="nt:unstructured">
          				<column
          					jcr:primaryType="nt:unstructured"
          					sling:resourceType="granite/ui/components/coral/foundation/container">
          					<items jcr:primaryType="nt:unstructured">
          						<callUsHeader
        							jcr:primaryType="nt:unstructured"
        							sling:resourceType="granite/ui/components/coral/foundation/form/textfield"
        							required="{Boolean}true"
        							fieldLabel="Call Us Header"
        							name="./callUsHeader"/>
        						<getOurAppHeader
        							jcr:primaryType="nt:unstructured"
        							sling:resourceType="granite/ui/components/coral/foundation/form/textfield"
        							required="{Boolean}true"
        							fieldLabel="Get Our App Header"
        							name="./getOurAppHeader"/>
        						<androidLink
        							jcr:primaryType="nt:unstructured"
        							sling:resourceType="granite/ui/components/coral/foundation/form/pathfield"
        							required="{Boolean}true"
        							fieldLabel="Android App Link"
        							name="./androidLink"
        							rootPath="/content/cedars-sinai"/>
        						<iosLink
        							jcr:primaryType="nt:unstructured"
        							sling:resourceType="granite/ui/components/coral/foundation/form/pathfield"
        							required="{Boolean}true"
        							fieldLabel="iOS App Link"
        							name="./iosLink"
        							rootPath="/content/cedars-sinai"/>
       						</items>
       					</column>
         				</items>
         			</tab3>
         		</items>
         	</tabs>
         </items>
    </content>
</jcr:root>
