<?xml version="1.0" encoding="UTF-8"?>
<jcr:root xmlns:sling="http://sling.apache.org/jcr/sling/1.0" xmlns:cq="http://www.day.com/jcr/cq/1.0"
          xmlns:jcr="http://www.jcp.org/jcr/1.0" xmlns:nt="http://www.jcp.org/jcr/nt/1.0"
          jcr:primaryType="nt:unstructured"
          sling:resourceType="cq/gui/components/authoring/dialog">
  <content
    jcr:primaryType="nt:unstructured"
    sling:resourceType="granite/ui/components/foundation/container">
    <layout
      jcr:primaryType="nt:unstructured"
      sling:resourceType="granite/ui/components/foundation/layouts/tabs"
      type="nav"/>
    <items jcr:primaryType="nt:unstructured">
      <top
        jcr:primaryType="nt:unstructured"
        jcr:title="Inline Video"
        sling:resourceType="granite/ui/components/foundation/container">
        <layout
          jcr:primaryType="nt:unstructured"
          sling:resourceType="granite/ui/components/foundation/layouts/fixedcolumns"/>
        <items jcr:primaryType="nt:unstructured">
          <columns
            jcr:primaryType="nt:unstructured"
            sling:resourceType="granite/ui/components/foundation/container">
            <items jcr:primaryType="nt:unstructured">
              <config
                jcr:primaryType="nt:unstructured"
                sling:resourceType="granite/ui/components/foundation/form/fieldset">
                <items jcr:primaryType="nt:unstructured">
                  <title
                    jcr:primaryType="nt:unstructured"
                    sling:resourceType="granite/ui/components/coral/foundation/form/textfield"
                    fieldLabel="Video Title"
                    name="./videoTitle"/>
                  <url
                    jcr:primaryType="nt:unstructured"
                    sling:resourceType="granite/ui/components/coral/foundation/form/pathfield"
                    fieldLabel="Video URL"
                    required="true"
                    name="./videoUrl"
                    rootPath="/content/dam/cedars-sinai" />
                  <description
                    jcr:primaryType="nt:unstructured"
                    sling:resourceType="granite/ui/components/coral/foundation/form/textfield"
                    fieldLabel="Video Description"
                    name="./videoDescription"/>
                </items>
              </config>
            </items>
          </columns>
        </items>
      </top>
    </items>
  </content>
</jcr:root>
