<?xml version="1.0" encoding="UTF-8"?>
<jcr:root xmlns:sling="http://sling.apache.org/jcr/sling/1.0" xmlns:cq="http://www.day.com/jcr/cq/1.0" xmlns:jcr="http://www.jcp.org/jcr/1.0" xmlns:nt="http://www.jcp.org/jcr/nt/1.0"
    jcr:primaryType="nt:unstructured"
    jcr:title="Carousel Slide"
    sling:resourceType="cq/gui/components/authoring/dialog">
    <content
        jcr:primaryType="nt:unstructured"
        sling:resourceType="granite/ui/components/coral/foundation/container">
        <items jcr:primaryType="nt:unstructured">
            <tabs
                jcr:primaryType="nt:unstructured"
                sling:resourceType="granite/ui/components/coral/foundation/tabs"
                maximized="{Boolean}true">
                <items jcr:primaryType="nt:unstructured">
                    <tab1
                        jcr:primaryType="nt:unstructured"
                        jcr:title="Carousel Slide Config"
                        sling:resourceType="granite/ui/components/coral/foundation/fixedcolumns"
                        margin="{Boolean}false">
                        <items jcr:primaryType="nt:unstructured">
                            <column
                                jcr:primaryType="nt:unstructured"
                                sling:resourceType="granite/ui/components/coral/foundation/container">
                                <items jcr:primaryType="nt:unstructured">
                                    <backgroundImage
                                        jcr:primaryType="nt:unstructured"
                                        sling:resourceType="cq/gui/components/authoring/dialog/fileupload"
                                        allowUpload="{Boolean}false"
                                        autoStart="{Boolean}false"
                                        class="cq-droptarget"
                                        fieldLabel="Background Image"
                                        fileNameParameter="./backgroudImageName"
                                        fileReferenceParameter="./backgroundImage"
                                        mimeTypes="[image]"
                                        multiple="{Boolean}false"
                                        name="./backgroundImageRef"
                                        title="Browse Background Image"
                                        uploadUrl="${suffix.path}"
                                        useHTML5="{Boolean}true"/>
                                    <gradientColor
                                        jcr:primaryType="nt:unstructured"
                                        sling:resourceType="granite/ui/components/coral/foundation/form/select"
                                        fieldLabel="Gradient Color"
                                        name="./gradientColor"
                                        required="{Boolean}true">
                                        <items jcr:primaryType="cq:WidgetCollection">
                                            <red
                                                jcr:primaryType="nt:unstructured"
                                                text="Red"
                                                value="FF0000"/>
                                            <blue
                                                jcr:primaryType="nt:unstructured"
                                                text="Blue"
                                                value="0000FF"/>
                                            <green
                                                jcr:primaryType="nt:unstructured"
                                                text="Green"
                                                value="008000"/>
                                            <orange
                                                jcr:primaryType="nt:unstructured"
                                                text="Orange"
                                                value="FFA500"/>
                                        </items>
                                    </gradientColor>
                                    <gradientDirection
                                        jcr:primaryType="nt:unstructured"
                                        sling:resourceType="granite/ui/components/coral/foundation/form/select"
                                        fieldLabel="Gradient Direction"
                                        name="./gradientDirection"
                                        required="{Boolean}true">
                                        <items jcr:primaryType="cq:WidgetCollection">
                                            <vertical
                                                jcr:primaryType="nt:unstructured"
                                                text="Vertical"
                                                value="bottom"/>
                                            <horizontal
                                                jcr:primaryType="nt:unstructured"
                                                text="Horizontal"
                                                value="right"/>
                                             <angled
                                                jcr:primaryType="nt:unstructured"
                                                text="Angled"
                                                value="bottom right"/>
                                        </items>
                                    </gradientDirection>
                                    <alignment
                                        jcr:primaryType="nt:unstructured"
                                        sling:resourceType="granite/ui/components/foundation/form/radiogroup"
                                        text="Alignment">
                                        <items jcr:primaryType="nt:unstructured">
                                            <right
                                                jcr:primaryType="nt:unstructured"
                                                sling:resourceType="granite/ui/components/foundation/form/radio"
                                                checked="{Boolean}true"
                                                name="./alignment"
                                                text="Right"
                                                value="right"/>
                                            <left
                                                jcr:primaryType="nt:unstructured"
                                                sling:resourceType="granite/ui/components/foundation/form/radio"
                                                name="./alignment"
                                                text="Left"
                                                value="left"/>
                                        </items>
                                    </alignment>
                                </items>
                            </column>
                        </items>
                    </tab1>
                </items>
            </tabs>
        </items>
    </content>
</jcr:root>
