<?xml version="1.0" encoding="UTF-8"?>
<jcr:root xmlns:sling="http://sling.apache.org/jcr/sling/1.0" xmlns:cq="http://www.day.com/jcr/cq/1.0" xmlns:jcr="http://www.jcp.org/jcr/1.0" xmlns:nt="http://www.jcp.org/jcr/nt/1.0"
    jcr:primaryType="nt:unstructured"
    jcr:title="Content Block Title"
    sling:resourceType="cq/gui/components/authoring/dialog"
    helpPath="https://www.adobe.com/go/aem6_3_docs_component_en#Title - HTL">
    <content
        jcr:primaryType="nt:unstructured"
        sling:resourceType="granite/ui/components/foundation/container">
        <layout
            jcr:primaryType="nt:unstructured"
            sling:resourceType="granite/ui/components/foundation/layouts/fixedcolumns"
            margin="{Boolean}false"/>
        <items jcr:primaryType="nt:unstructured">
            <column
                jcr:primaryType="nt:unstructured"
                sling:resourceType="granite/ui/components/foundation/container">
                <items jcr:primaryType="nt:unstructured">
                    <title
                        jcr:primaryType="nt:unstructured"
                        sling:resourceType="granite/ui/components/foundation/form/textfield"
                        fieldLabel="Title"
                        name="./title"/>
                    <url
                        jcr:primaryType="nt:unstructured"
                        sling:resourceType="granite/ui/components/coral/foundation/form/pathfield"
                        fieldDescription="Browse to select Title Link"
						rootPath="/content/cedars-sinai"
                        fieldLabel="Title Link"
                        name="./url"/>
                    <type
                        jcr:primaryType="nt:unstructured"
                        sling:resourceType="granite/ui/components/foundation/form/select"
                        fieldLabel="Style"
                        name="./style"
                        value="h1">
                        <items jcr:primaryType="nt:unstructured">
                            <contenttitle
                                jcr:primaryType="nt:unstructured"
                                text="content title"
                                value="content--title"/>
                            <contentgotham
                                jcr:primaryType="nt:unstructured"
                                text="content title gotham red"
                                value="content--title copy-red gotham-light"/>
                            <contenttitlelink
                                jcr:primaryType="nt:unstructured"
                                text="content title link"
                                value="content--title-link"/>
                            <smalllead
                                jcr:primaryType="nt:unstructured"
                                text="small lead"
                                value="small-lead"/>
                        </items>
                    </type>
                </items>
            </column>
        </items>
    </content>
</jcr:root>
